Safra;Cultura;Obtentor_Mantenedor;Cultivar;UF;Grupo;Regiao_de_Adaptacao
2026-2027;Milho 1ª Safra;AGRO CERRADO PESQUISA E SEMENTES LTDA;MX1000PRO4;AC;0;Macrorregião 1
2026-2027;Arroz Irrigado;SEMENTES HORIZONTE LTDA;AI1037VIP3;CE;1;
2026-2027;MILHO - Zea mays L. - (1° Safra);GENÉTICA CAMPO FORTE LTDA;ZM1074PWU;MT;2;
2026-2027;ARROZ SEQUEIRO - Oryza sativa L.;BRASIL CULTIVARES E BIOTECNOLOGIA LTDA;AS1111RR2;PR;0;
2026-2027;Milho 2ª Safra;TECNOAGRO PESQUISA E DESENVOLVIMENTO LTDA;MS1148CL;RS;1;
2026-2027;Feijão 1ª Safra;INSTITUTO NACIONAL DE CULTIVARES MOCK;F11185TG;SE;2;
2026-2027;MILHO - Zea mays L. - (2° Safra);CENTRO DE PESQUISA AGRÍCOLA SIMULADO;ZS1222MAX;AM;0;
2026-2027;Feijão 2ª Safra;VALE VERDE SEMENTES E BIOTECNOLOGIA LTDA;F21259PLUS;GO;1;
2026-2027;Milho 2ª Safra consorciado com Braquiária;NOVA SAFRA MELHORAMENTO VEGETAL S.A.;MB1296PRO4;PA;2;
2026-2027;Trigo;COOPERATIVA EXPERIMENTAL DE SEMENTES;TR1333VIP3;RJ;0;
2026-2027;Milho Produtividade 3000 Kg-Ha;AGRO CERRADO PESQUISA E SEMENTES LTDA;M31370PWU;SC;1;
2026-2027;Girassol;SEMENTES HORIZONTE LTDA;GI1407RR2;AL;2;
2026-2027;Milho Produtividade 4000 Kg-Ha;GENÉTICA CAMPO FORTE LTDA;M41444CL;DF;0;Macrorregião 3
2026-2027;GIRASSOL - Helianthus annuus L.;BRASIL CULTIVARES E BIOTECNOLOGIA LTDA;GH1481TG;MS;1;
2026-2027;Milho Produtividade 5000 Kg-Ha;TECNOAGRO PESQUISA E DESENVOLVIMENTO LTDA;M51518MAX;PE;2;
2026-2027;Amendoim;INSTITUTO NACIONAL DE CULTIVARES MOCK;AM1555PLUS;RO;0;
2026-2027;Milho Produtividade 6000 Kg-Ha;CENTRO DE PESQUISA AGRÍCOLA SIMULADO;M61592PRO4;TO;1;
2026-2027;Algodão Herbáceo;VALE VERDE SEMENTES E BIOTECNOLOGIA LTDA;AL1629VIP3;BA;2;
2026-2027;Milho Produtividade 7000 Kg-Ha;NOVA SAFRA MELHORAMENTO VEGETAL S.A.;M71666PWU;MA;0;
2026-2027;Sorgo;COOPERATIVA EXPERIMENTAL DE SEMENTES;SO1703RR2;PB;1;
2026-2027;Soja;AGRO CERRADO PESQUISA E SEMENTES LTDA;SJ1740CL;RN;2;
2026-2027;Milho 1ª Safra;SEMENTES HORIZONTE LTDA;MX1777TG;SP;0;
2026-2027;Arroz Irrigado;GENÉTICA CAMPO FORTE LTDA;AI1814MAX;AP;1;
2026-2027;MILHO - Zea mays L. - (1° Safra);BRASIL CULTIVARES E BIOTECNOLOGIA LTDA;ZM1851PLUS;ES;2;
2026-2027;ARROZ SEQUEIRO - Oryza sativa L.;TECNOAGRO PESQUISA E DESENVOLVIMENTO LTDA;AS1888PRO4;MG;0;Macrorregião 5
2026-2027;Milho 2ª Safra;INSTITUTO NACIONAL DE CULTIVARES MOCK;MS1925VIP3;PI;1;
2026-2027;Feijão 1ª Safra;CENTRO DE PESQUISA AGRÍCOLA SIMULADO;F11962PWU;RR;2;
2026-2027;MILHO - Zea mays L. - (2° Safra);VALE VERDE SEMENTES E BIOTECNOLOGIA LTDA;ZS1999RR2;AC;0;
2026-2027;Feijão 2ª Safra;NOVA SAFRA MELHORAMENTO VEGETAL S.A.;F22036CL;CE;1;
2026-2027;Milho 2ª Safra consorciado com Braquiária;COOPERATIVA EXPERIMENTAL DE SEMENTES;MB2073TG;MT;2;
2026-2027;Trigo;AGRO CERRADO PESQUISA E SEMENTES LTDA;TR2110MAX;PR;0;
2026-2027;Milho Produtividade 3000 Kg-Ha;SEMENTES HORIZONTE LTDA;M32147PLUS;RS;1;
2026-2027;Girassol;GENÉTICA CAMPO FORTE LTDA;GI2184PRO4;SE;2;
2026-2027;Milho Produtividade 4000 Kg-Ha;BRASIL CULTIVARES E BIOTECNOLOGIA LTDA;M42221VIP3;AM;0;
2026-2027;GIRASSOL - Helianthus annuus L.;TECNOAGRO PESQUISA E DESENVOLVIMENTO LTDA;GH2258PWU;GO;1;
2026-2027;Milho Produtividade 5000 Kg-Ha;INSTITUTO NACIONAL DE CULTIVARES MOCK;M52295RR2;PA;2;
2026-2027;Amendoim;CENTRO DE PESQUISA AGRÍCOLA SIMULADO;AM2332CL;RJ;0;Macrorregião 2
2026-2027;Milho Produtividade 6000 Kg-Ha;VALE VERDE SEMENTES E BIOTECNOLOGIA LTDA;M62369TG;SC;1;
2026-2027;Algodão Herbáceo;NOVA SAFRA MELHORAMENTO VEGETAL S.A.;AL2406MAX;AL;2;
2026-2027;Milho Produtividade 7000 Kg-Ha;COOPERATIVA EXPERIMENTAL DE SEMENTES;M72443PLUS;DF;0;
2026-2027;Sorgo;AGRO CERRADO PESQUISA E SEMENTES LTDA;SO2480PRO4;MS;1;
2026-2027;Soja;SEMENTES HORIZONTE LTDA;SJ2517VIP3;PE;2;
2026-2027;Milho 1ª Safra;GENÉTICA CAMPO FORTE LTDA;MX2554PWU;RO;0;
2026-2027;Arroz Irrigado;BRASIL CULTIVARES E BIOTECNOLOGIA LTDA;AI2591RR2;TO;1;
2026-2027;MILHO - Zea mays L. - (1° Safra);TECNOAGRO PESQUISA E DESENVOLVIMENTO LTDA;ZM2628CL;BA;2;
2026-2027;ARROZ SEQUEIRO - Oryza sativa L.;INSTITUTO NACIONAL DE CULTIVARES MOCK;AS2665TG;MA;0;
2026-2027;Milho 2ª Safra;CENTRO DE PESQUISA AGRÍCOLA SIMULADO;MS2702MAX;PB;1;
2026-2027;Feijão 1ª Safra;VALE VERDE SEMENTES E BIOTECNOLOGIA LTDA;F12739PLUS;RN;2;
2026-2027;MILHO - Zea mays L. - (2° Safra);NOVA SAFRA MELHORAMENTO VEGETAL S.A.;ZS2776PRO4;SP;0;Macrorregião 4
2026-2027;Feijão 2ª Safra;COOPERATIVA EXPERIMENTAL DE SEMENTES;F22813VIP3;AP;1;
2026-2027;Milho 2ª Safra consorciado com Braquiária;AGRO CERRADO PESQUISA E SEMENTES LTDA;MB2850PWU;ES;2;
2026-2027;Trigo;SEMENTES HORIZONTE LTDA;TR2887RR2;MG;0;
2026-2027;Milho Produtividade 3000 Kg-Ha;GENÉTICA CAMPO FORTE LTDA;M32924CL;PI;1;
2026-2027;Girassol;BRASIL CULTIVARES E BIOTECNOLOGIA LTDA;GI2961TG;RR;2;
2026-2027;Milho Produtividade 4000 Kg-Ha;TECNOAGRO PESQUISA E DESENVOLVIMENTO LTDA;M42998MAX;AC;0;
2026-2027;GIRASSOL - Helianthus annuus L.;INSTITUTO NACIONAL DE CULTIVARES MOCK;GH3035PLUS;CE;1;
2026-2027;Milho Produtividade 5000 Kg-Ha;CENTRO DE PESQUISA AGRÍCOLA SIMULADO;M53072PRO4;MT;2;
2026-2027;Amendoim;VALE VERDE SEMENTES E BIOTECNOLOGIA LTDA;AM3109VIP3;PR;0;
2026-2027;Milho Produtividade 6000 Kg-Ha;NOVA SAFRA MELHORAMENTO VEGETAL S.A.;M63146PWU;RS;1;
2026-2027;Algodão Herbáceo;COOPERATIVA EXPERIMENTAL DE SEMENTES;AL3183RR2;SE;2;
2026-2027;Milho Produtividade 7000 Kg-Ha;AGRO CERRADO PESQUISA E SEMENTES LTDA;M73220CL;AM;0;Macrorregião 1
2026-2027;Sorgo;SEMENTES HORIZONTE LTDA;SO3257TG;GO;1;
2026-2027;Soja;GENÉTICA CAMPO FORTE LTDA;SJ3294MAX;PA;2;
2026-2027;Milho 1ª Safra;BRASIL CULTIVARES E BIOTECNOLOGIA LTDA;MX3331PLUS;RJ;0;
2026-2027;Arroz Irrigado;TECNOAGRO PESQUISA E DESENVOLVIMENTO LTDA;AI3368PRO4;SC;1;
2026-2027;MILHO - Zea mays L. - (1° Safra);INSTITUTO NACIONAL DE CULTIVARES MOCK;ZM3405VIP3;AL;2;
2026-2027;ARROZ SEQUEIRO - Oryza sativa L.;CENTRO DE PESQUISA AGRÍCOLA SIMULADO;AS3442PWU;DF;0;
2026-2027;Milho 2ª Safra;VALE VERDE SEMENTES E BIOTECNOLOGIA LTDA;MS3479RR2;MS;1;
2026-2027;Feijão 1ª Safra;NOVA SAFRA MELHORAMENTO VEGETAL S.A.;F13516CL;PE;2;
2026-2027;MILHO - Zea mays L. - (2° Safra);COOPERATIVA EXPERIMENTAL DE SEMENTES;ZS3553TG;RO;0;
2026-2027;Feijão 2ª Safra;AGRO CERRADO PESQUISA E SEMENTES LTDA;F23590MAX;TO;1;
2026-2027;Milho 2ª Safra consorciado com Braquiária;SEMENTES HORIZONTE LTDA;MB3627PLUS;BA;2;
2026-2027;Trigo;GENÉTICA CAMPO FORTE LTDA;TR3664PRO4;MA;0;Macrorregião 3
2026-2027;Milho Produtividade 3000 Kg-Ha;BRASIL CULTIVARES E BIOTECNOLOGIA LTDA;M33701VIP3;PB;1;
2026-2027;Girassol;TECNOAGRO PESQUISA E DESENVOLVIMENTO LTDA;GI3738PWU;RN;2;
2026-2027;Milho Produtividade 4000 Kg-Ha;INSTITUTO NACIONAL DE CULTIVARES MOCK;M43775RR2;SP;0;
2026-2027;GIRASSOL - Helianthus annuus L.;CENTRO DE PESQUISA AGRÍCOLA SIMULADO;GH3812CL;AP;1;
2026-2027;Milho Produtividade 5000 Kg-Ha;VALE VERDE SEMENTES E BIOTECNOLOGIA LTDA;M53849TG;ES;2;
2026-2027;Amendoim;NOVA SAFRA MELHORAMENTO VEGETAL S.A.;AM3886MAX;MG;0;
2026-2027;Milho Produtividade 6000 Kg-Ha;COOPERATIVA EXPERIMENTAL DE SEMENTES;M63923PLUS;PI;1;
2026-2027;Algodão Herbáceo;AGRO CERRADO PESQUISA E SEMENTES LTDA;AL3960PRO4;RR;2;
2026-2027;Milho Produtividade 7000 Kg-Ha;SEMENTES HORIZONTE LTDA;M73997VIP3;AC;0;
2026-2027;Sorgo;GENÉTICA CAMPO FORTE LTDA;SO4034PWU;CE;1;
2026-2027;Soja;BRASIL CULTIVARES E BIOTECNOLOGIA LTDA;SJ4071RR2;MT;2;
2026-2027;Milho 1ª Safra;TECNOAGRO PESQUISA E DESENVOLVIMENTO LTDA;MX4108CL;PR;0;Macrorregião 5
2026-2027;Arroz Irrigado;INSTITUTO NACIONAL DE CULTIVARES MOCK;AI4145TG;RS;1;
2026-2027;MILHO - Zea mays L. - (1° Safra);CENTRO DE PESQUISA AGRÍCOLA SIMULADO;ZM4182MAX;SE;2;
2026-2027;ARROZ SEQUEIRO - Oryza sativa L.;VALE VERDE SEMENTES E BIOTECNOLOGIA LTDA;AS4219PLUS;AM;0;
2026-2027;Milho 2ª Safra;NOVA SAFRA MELHORAMENTO VEGETAL S.A.;MS4256PRO4;GO;1;
2026-2027;Feijão 1ª Safra;COOPERATIVA EXPERIMENTAL DE SEMENTES;F14293VIP3;PA;2;
2026-2027;MILHO - Zea mays L. - (2° Safra);AGRO CERRADO PESQUISA E SEMENTES LTDA;ZS4330PWU;RJ;0;
2026-2027;Feijão 2ª Safra;SEMENTES HORIZONTE LTDA;F24367RR2;SC;1;
2026-2027;Milho 2ª Safra consorciado com Braquiária;GENÉTICA CAMPO FORTE LTDA;MB4404CL;AL;2;
2026-2027;Trigo;BRASIL CULTIVARES E BIOTECNOLOGIA LTDA;TR4441TG;DF;0;
2026-2027;Milho Produtividade 3000 Kg-Ha;TECNOAGRO PESQUISA E DESENVOLVIMENTO LTDA;M34478MAX;MS;1;
2026-2027;Girassol;INSTITUTO NACIONAL DE CULTIVARES MOCK;GI4515PLUS;PE;2;
2026-2027;Milho Produtividade 4000 Kg-Ha;CENTRO DE PESQUISA AGRÍCOLA SIMULADO;M44552PRO4;RO;0;Macrorregião 2
2026-2027;GIRASSOL - Helianthus annuus L.;VALE VERDE SEMENTES E BIOTECNOLOGIA LTDA;GH4589VIP3;TO;1;
2026-2027;Milho Produtividade 5000 Kg-Ha;NOVA SAFRA MELHORAMENTO VEGETAL S.A.;M54626PWU;BA;2;
2026-2027;Amendoim;COOPERATIVA EXPERIMENTAL DE SEMENTES;AM4663RR2;MA;0;
2026-2027;Milho Produtividade 6000 Kg-Ha;AGRO CERRADO PESQUISA E SEMENTES LTDA;M64700CL;PB;1;
2026-2027;Algodão Herbáceo;SEMENTES HORIZONTE LTDA;AL4737TG;RN;2;
2026-2027;Milho Produtividade 7000 Kg-Ha;GENÉTICA CAMPO FORTE LTDA;M74774MAX;SP;0;
2026-2027;Sorgo;BRASIL CULTIVARES E BIOTECNOLOGIA LTDA;SO4811PLUS;AP;1;
2026-2027;Soja;TECNOAGRO PESQUISA E DESENVOLVIMENTO LTDA;SJ4848PRO4;ES;2;
2026-2027;Milho 1ª Safra;INSTITUTO NACIONAL DE CULTIVARES MOCK;MX4885VIP3;MG;0;
2026-2027;Arroz Irrigado;CENTRO DE PESQUISA AGRÍCOLA SIMULADO;AI4922PWU;PI;1;
2026-2027;MILHO - Zea mays L. - (1° Safra);VALE VERDE SEMENTES E BIOTECNOLOGIA LTDA;ZM4959RR2;RR;2;
2026-2027;ARROZ SEQUEIRO - Oryza sativa L.;NOVA SAFRA MELHORAMENTO VEGETAL S.A.;AS4996CL;AC;0;Macrorregião 4
2026-2027;Milho 2ª Safra;COOPERATIVA EXPERIMENTAL DE SEMENTES;MS5033TG;CE;1;
2026-2027;Feijão 1ª Safra;AGRO CERRADO PESQUISA E SEMENTES LTDA;F15070MAX;MT;2;
2026-2027;MILHO - Zea mays L. - (2° Safra);SEMENTES HORIZONTE LTDA;ZS5107PLUS;PR;0;
2026-2027;Feijão 2ª Safra;GENÉTICA CAMPO FORTE LTDA;F25144PRO4;RS;1;
2026-2027;Milho 2ª Safra consorciado com Braquiária;BRASIL CULTIVARES E BIOTECNOLOGIA LTDA;MB5181VIP3;SE;2;
2026-2027;Trigo;TECNOAGRO PESQUISA E DESENVOLVIMENTO LTDA;TR5218PWU;AM;0;
2026-2027;Milho Produtividade 3000 Kg-Ha;INSTITUTO NACIONAL DE CULTIVARES MOCK;M35255RR2;GO;1;
2026-2027;Girassol;CENTRO DE PESQUISA AGRÍCOLA SIMULADO;GI5292CL;PA;2;
2026-2027;Milho Produtividade 4000 Kg-Ha;VALE VERDE SEMENTES E BIOTECNOLOGIA LTDA;M45329TG;RJ;0;
2026-2027;GIRASSOL - Helianthus annuus L.;NOVA SAFRA MELHORAMENTO VEGETAL S.A.;GH5366MAX;SC;1;
2026-2027;Milho Produtividade 5000 Kg-Ha;COOPERATIVA EXPERIMENTAL DE SEMENTES;M55403PLUS;AL;2;
2026-2027;Amendoim;AGRO CERRADO PESQUISA E SEMENTES LTDA;AM5440PRO4;DF;0;Macrorregião 1
2026-2027;Milho Produtividade 6000 Kg-Ha;SEMENTES HORIZONTE LTDA;M65477VIP3;MS;1;
2026-2027;Algodão Herbáceo;GENÉTICA CAMPO FORTE LTDA;AL5514PWU;PE;2;
2026-2027;Milho Produtividade 7000 Kg-Ha;BRASIL CULTIVARES E BIOTECNOLOGIA LTDA;M75551RR2;RO;0;
2026-2027;Sorgo;TECNOAGRO PESQUISA E DESENVOLVIMENTO LTDA;SO5588CL;TO;1;
2026-2027;Soja;INSTITUTO NACIONAL DE CULTIVARES MOCK;SJ5625TG;BA;2;
2026-2027;Milho 1ª Safra;CENTRO DE PESQUISA AGRÍCOLA SIMULADO;MX5662MAX;MA;0;
2026-2027;Arroz Irrigado;VALE VERDE SEMENTES E BIOTECNOLOGIA LTDA;AI5699PLUS;PB;1;
2026-2027;MILHO - Zea mays L. - (1° Safra);NOVA SAFRA MELHORAMENTO VEGETAL S.A.;ZM5736PRO4;RN;2;
2026-2027;ARROZ SEQUEIRO - Oryza sativa L.;COOPERATIVA EXPERIMENTAL DE SEMENTES;AS5773VIP3;SP;0;
2026-2027;Milho 2ª Safra;AGRO CERRADO PESQUISA E SEMENTES LTDA;MS5810PWU;AP;1;
2026-2027;Feijão 1ª Safra;SEMENTES HORIZONTE LTDA;F15847RR2;ES;2;
2026-2027;MILHO - Zea mays L. - (2° Safra);GENÉTICA CAMPO FORTE LTDA;ZS5884CL;MG;0;Macrorregião 3
2026-2027;Feijão 2ª Safra;BRASIL CULTIVARES E BIOTECNOLOGIA LTDA;F25921TG;PI;1;
2026-2027;Milho 2ª Safra consorciado com Braquiária;TECNOAGRO PESQUISA E DESENVOLVIMENTO LTDA;MB5958MAX;RR;2;
2026-2027;Trigo;INSTITUTO NACIONAL DE CULTIVARES MOCK;TR5995PLUS;AC;0;
2026-2027;Milho Produtividade 3000 Kg-Ha;CENTRO DE PESQUISA AGRÍCOLA SIMULADO;M36032PRO4;CE;1;
2026-2027;Girassol;VALE VERDE SEMENTES E BIOTECNOLOGIA LTDA;GI6069VIP3;MT;2;
2026-2027;Milho Produtividade 4000 Kg-Ha;NOVA SAFRA MELHORAMENTO VEGETAL S.A.;M46106PWU;PR;0;
2026-2027;GIRASSOL - Helianthus annuus L.;COOPERATIVA EXPERIMENTAL DE SEMENTES;GH6143RR2;RS;1;
2026-2027;Milho Produtividade 5000 Kg-Ha;AGRO CERRADO PESQUISA E SEMENTES LTDA;M56180CL;SE;2;
2026-2027;Amendoim;SEMENTES HORIZONTE LTDA;AM6217TG;AM;0;
2026-2027;Milho Produtividade 6000 Kg-Ha;GENÉTICA CAMPO FORTE LTDA;M66254MAX;GO;1;
2026-2027;Algodão Herbáceo;BRASIL CULTIVARES E BIOTECNOLOGIA LTDA;AL6291PLUS;PA;2;
2026-2027;Milho Produtividade 7000 Kg-Ha;TECNOAGRO PESQUISA E DESENVOLVIMENTO LTDA;M76328PRO4;RJ;0;Macrorregião 5
2026-2027;Sorgo;INSTITUTO NACIONAL DE CULTIVARES MOCK;SO6365VIP3;SC;1;
2026-2027;Soja;CENTRO DE PESQUISA AGRÍCOLA SIMULADO;SJ6402PWU;AL;2;
2026-2027;Milho 1ª Safra;VALE VERDE SEMENTES E BIOTECNOLOGIA LTDA;MX6439RR2;DF;0;
2026-2027;Arroz Irrigado;NOVA SAFRA MELHORAMENTO VEGETAL S.A.;AI6476CL;MS;1;
2026-2027;MILHO - Zea mays L. - (1° Safra);COOPERATIVA EXPERIMENTAL DE SEMENTES;ZM6513TG;PE;2;
2026-2027;ARROZ SEQUEIRO - Oryza sativa L.;AGRO CERRADO PESQUISA E SEMENTES LTDA;AS6550MAX;RO;0;
2026-2027;Milho 2ª Safra;SEMENTES HORIZONTE LTDA;MS6587PLUS;TO;1;
2026-2027;Feijão 1ª Safra;GENÉTICA CAMPO FORTE LTDA;F16624PRO4;BA;2;
2026-2027;MILHO - Zea mays L. - (2° Safra);BRASIL CULTIVARES E BIOTECNOLOGIA LTDA;ZS6661VIP3;MA;0;
2026-2027;Feijão 2ª Safra;TECNOAGRO PESQUISA E DESENVOLVIMENTO LTDA;F26698PWU;PB;1;
2026-2027;Milho 2ª Safra consorciado com Braquiária;INSTITUTO NACIONAL DE CULTIVARES MOCK;MB6735RR2;RN;2;
2026-2027;Trigo;CENTRO DE PESQUISA AGRÍCOLA SIMULADO;TR6772CL;SP;0;Macrorregião 2
2026-2027;Milho Produtividade 3000 Kg-Ha;VALE VERDE SEMENTES E BIOTECNOLOGIA LTDA;M36809TG;AP;1;
2026-2027;Girassol;NOVA SAFRA MELHORAMENTO VEGETAL S.A.;GI6846MAX;ES;2;
2026-2027;Milho Produtividade 4000 Kg-Ha;COOPERATIVA EXPERIMENTAL DE SEMENTES;M46883PLUS;MG;0;
2026-2027;GIRASSOL - Helianthus annuus L.;AGRO CERRADO PESQUISA E SEMENTES LTDA;GH6920PRO4;PI;1;
2026-2027;Milho Produtividade 5000 Kg-Ha;SEMENTES HORIZONTE LTDA;M56957VIP3;RR;2;
2026-2027;Amendoim;GENÉTICA CAMPO FORTE LTDA;AM6994PWU;AC;0;
2026-2027;Milho Produtividade 6000 Kg-Ha;BRASIL CULTIVARES E BIOTECNOLOGIA LTDA;M67031RR2;CE;1;
2026-2027;Algodão Herbáceo;TECNOAGRO PESQUISA E DESENVOLVIMENTO LTDA;AL7068CL;MT;2;
2026-2027;Milho Produtividade 7000 Kg-Ha;INSTITUTO NACIONAL DE CULTIVARES MOCK;M77105TG;PR;0;
2026-2027;Sorgo;CENTRO DE PESQUISA AGRÍCOLA SIMULADO;SO7142MAX;RS;1;
2026-2027;Soja;VALE VERDE SEMENTES E BIOTECNOLOGIA LTDA;SJ7179PLUS;SE;2;
2026-2027;Milho 1ª Safra;NOVA SAFRA MELHORAMENTO VEGETAL S.A.;MX7216PRO4;AM;0;Macrorregião 4
2026-2027;Arroz Irrigado;COOPERATIVA EXPERIMENTAL DE SEMENTES;AI7253VIP3;GO;1;
2026-2027;MILHO - Zea mays L. - (1° Safra);AGRO CERRADO PESQUISA E SEMENTES LTDA;ZM7290PWU;PA;2;
2026-2027;ARROZ SEQUEIRO - Oryza sativa L.;SEMENTES HORIZONTE LTDA;AS7327RR2;RJ;0;
2026-2027;Milho 2ª Safra;GENÉTICA CAMPO FORTE LTDA;MS7364CL;SC;1;
2026-2027;Feijão 1ª Safra;BRASIL CULTIVARES E BIOTECNOLOGIA LTDA;F17401TG;AL;2;
2026-2027;MILHO - Zea mays L. - (2° Safra);TECNOAGRO PESQUISA E DESENVOLVIMENTO LTDA;ZS7438MAX;DF;0;
2026-2027;Feijão 2ª Safra;INSTITUTO NACIONAL DE CULTIVARES MOCK;F27475PLUS;MS;1;
2026-2027;Milho 2ª Safra consorciado com Braquiária;CENTRO DE PESQUISA AGRÍCOLA SIMULADO;MB7512PRO4;PE;2;
2026-2027;Trigo;VALE VERDE SEMENTES E BIOTECNOLOGIA LTDA;TR7549VIP3;RO;0;
2026-2027;Milho Produtividade 3000 Kg-Ha;NOVA SAFRA MELHORAMENTO VEGETAL S.A.;M37586PWU;TO;1;
2026-2027;Girassol;COOPERATIVA EXPERIMENTAL DE SEMENTES;GI7623RR2;BA;2;
2026-2027;Milho Produtividade 4000 Kg-Ha;AGRO CERRADO PESQUISA E SEMENTES LTDA;M47660CL;MA;0;Macrorregião 1
2026-2027;GIRASSOL - Helianthus annuus L.;SEMENTES HORIZONTE LTDA;GH7697TG;PB;1;
2026-2027;Milho Produtividade 5000 Kg-Ha;GENÉTICA CAMPO FORTE LTDA;M57734MAX;RN;2;
2026-2027;Amendoim;BRASIL CULTIVARES E BIOTECNOLOGIA LTDA;AM7771PLUS;SP;0;
2026-2027;Milho Produtividade 6000 Kg-Ha;TECNOAGRO PESQUISA E DESENVOLVIMENTO LTDA;M67808PRO4;AP;1;
2026-2027;Algodão Herbáceo;INSTITUTO NACIONAL DE CULTIVARES MOCK;AL7845VIP3;ES;2;
2026-2027;Milho Produtividade 7000 Kg-Ha;CENTRO DE PESQUISA AGRÍCOLA SIMULADO;M77882PWU;MG;0;
2026-2027;Sorgo;VALE VERDE SEMENTES E BIOTECNOLOGIA LTDA;SO7919RR2;PI;1;
2026-2027;Soja;NOVA SAFRA MELHORAMENTO VEGETAL S.A.;SJ7956CL;RR;2;
2026-2027;Milho 1ª Safra;COOPERATIVA EXPERIMENTAL DE SEMENTES;MX7993TG;AC;0;
2026-2027;Arroz Irrigado;AGRO CERRADO PESQUISA E SEMENTES LTDA;AI8030MAX;CE;1;
2026-2027;MILHO - Zea mays L. - (1° Safra);SEMENTES HORIZONTE LTDA;ZM8067PLUS;MT;2;
2026-2027;ARROZ SEQUEIRO - Oryza sativa L.;GENÉTICA CAMPO FORTE LTDA;AS8104PRO4;PR;0;Macrorregião 3
2026-2027;Milho 2ª Safra;BRASIL CULTIVARES E BIOTECNOLOGIA LTDA;MS8141VIP3;RS;1;
2026-2027;Feijão 1ª Safra;TECNOAGRO PESQUISA E DESENVOLVIMENTO LTDA;F18178PWU;SE;2;
2026-2027;MILHO - Zea mays L. - (2° Safra);INSTITUTO NACIONAL DE CULTIVARES MOCK;ZS8215RR2;AM;0;
2026-2027;Feijão 2ª Safra;CENTRO DE PESQUISA AGRÍCOLA SIMULADO;F28252CL;GO;1;
2026-2027;Milho 2ª Safra consorciado com Braquiária;VALE VERDE SEMENTES E BIOTECNOLOGIA LTDA;MB8289TG;PA;2;
2026-2027;Trigo;NOVA SAFRA MELHORAMENTO VEGETAL S.A.;TR8326MAX;RJ;0;
2026-2027;Milho Produtividade 3000 Kg-Ha;COOPERATIVA EXPERIMENTAL DE SEMENTES;M38363PLUS;SC;1;
2026-2027;Girassol;AGRO CERRADO PESQUISA E SEMENTES LTDA;GI8400PRO4;AL;2;
2026-2027;Milho Produtividade 4000 Kg-Ha;SEMENTES HORIZONTE LTDA;M48437VIP3;DF;0;
2026-2027;GIRASSOL - Helianthus annuus L.;GENÉTICA CAMPO FORTE LTDA;GH8474PWU;MS;1;
2026-2027;Milho Produtividade 5000 Kg-Ha;BRASIL CULTIVARES E BIOTECNOLOGIA LTDA;M58511RR2;PE;2;
2026-2027;Amendoim;TECNOAGRO PESQUISA E DESENVOLVIMENTO LTDA;AM8548CL;RO;0;Macrorregião 5
2026-2027;Milho Produtividade 6000 Kg-Ha;INSTITUTO NACIONAL DE CULTIVARES MOCK;M68585TG;TO;1;
2026-2027;Algodão Herbáceo;CENTRO DE PESQUISA AGRÍCOLA SIMULADO;AL8622MAX;BA;2;
2026-2027;Milho Produtividade 7000 Kg-Ha;VALE VERDE SEMENTES E BIOTECNOLOGIA LTDA;M78659PLUS;MA;0;
2026-2027;Sorgo;NOVA SAFRA MELHORAMENTO VEGETAL S.A.;SO8696PRO4;PB;1;
2026-2027;Soja;COOPERATIVA EXPERIMENTAL DE SEMENTES;SJ8733VIP3;RN;2;
2026-2027;Milho 1ª Safra;AGRO CERRADO PESQUISA E SEMENTES LTDA;MX8770PWU;SP;0;
2026-2027;Arroz Irrigado;SEMENTES HORIZONTE LTDA;AI8807RR2;AP;1;
2026-2027;MILHO - Zea mays L. - (1° Safra);GENÉTICA CAMPO FORTE LTDA;ZM8844CL;ES;2;
2026-2027;ARROZ SEQUEIRO - Oryza sativa L.;BRASIL CULTIVARES E BIOTECNOLOGIA LTDA;AS8881TG;MG;0;
2026-2027;Milho 2ª Safra;TECNOAGRO PESQUISA E DESENVOLVIMENTO LTDA;MS8918MAX;PI;1;
2026-2027;Feijão 1ª Safra;INSTITUTO NACIONAL DE CULTIVARES MOCK;F18955PLUS;RR;2;
2026-2027;MILHO - Zea mays L. - (2° Safra);CENTRO DE PESQUISA AGRÍCOLA SIMULADO;ZS8992PRO4;AC;0;Macrorregião 2
2026-2027;Feijão 2ª Safra;VALE VERDE SEMENTES E BIOTECNOLOGIA LTDA;F29029VIP3;CE;1;
2026-2027;Milho 2ª Safra consorciado com Braquiária;NOVA SAFRA MELHORAMENTO VEGETAL S.A.;MB9066PWU;MT;2;
2026-2027;Trigo;COOPERATIVA EXPERIMENTAL DE SEMENTES;TR9103RR2;PR;0;
2026-2027;Milho Produtividade 3000 Kg-Ha;AGRO CERRADO PESQUISA E SEMENTES LTDA;M39140CL;RS;1;
2026-2027;Girassol;SEMENTES HORIZONTE LTDA;GI9177TG;SE;2;
2026-2027;Milho Produtividade 4000 Kg-Ha;GENÉTICA CAMPO FORTE LTDA;M49214MAX;AM;0;
2026-2027;GIRASSOL - Helianthus annuus L.;BRASIL CULTIVARES E BIOTECNOLOGIA LTDA;GH9251PLUS;GO;1;
2026-2027;Milho Produtividade 5000 Kg-Ha;TECNOAGRO PESQUISA E DESENVOLVIMENTO LTDA;M59288PRO4;PA;2;
2026-2027;Amendoim;INSTITUTO NACIONAL DE CULTIVARES MOCK;AM9325VIP3;RJ;0;
2026-2027;Milho Produtividade 6000 Kg-Ha;CENTRO DE PESQUISA AGRÍCOLA SIMULADO;M69362PWU;SC;1;
2026-2027;Algodão Herbáceo;VALE VERDE SEMENTES E BIOTECNOLOGIA LTDA;AL9399RR2;AL;2;
2026-2027;Milho Produtividade 7000 Kg-Ha;NOVA SAFRA MELHORAMENTO VEGETAL S.A.;M79436CL;DF;0;Macrorregião 4
2026-2027;Sorgo;COOPERATIVA EXPERIMENTAL DE SEMENTES;SO9473TG;MS;1;
2026-2027;Soja;AGRO CERRADO PESQUISA E SEMENTES LTDA;SJ9510MAX;PE;2;
2026-2027;Milho 1ª Safra;SEMENTES HORIZONTE LTDA;MX9547PLUS;RO;0;
2026-2027;Arroz Irrigado;GENÉTICA CAMPO FORTE LTDA;AI9584PRO4;TO;1;
2026-2027;MILHO - Zea mays L. - (1° Safra);BRASIL CULTIVARES E BIOTECNOLOGIA LTDA;ZM9621VIP3;BA;2;
2026-2027;ARROZ SEQUEIRO - Oryza sativa L.;TECNOAGRO PESQUISA E DESENVOLVIMENTO LTDA;AS9658PWU;MA;0;
2026-2027;Milho 2ª Safra;INSTITUTO NACIONAL DE CULTIVARES MOCK;MS9695RR2;PB;1;
2026-2027;Feijão 1ª Safra;CENTRO DE PESQUISA AGRÍCOLA SIMULADO;F19732CL;RN;2;
2026-2027;MILHO - Zea mays L. - (2° Safra);VALE VERDE SEMENTES E BIOTECNOLOGIA LTDA;ZS9769TG;SP;0;
2026-2027;Feijão 2ª Safra;NOVA SAFRA MELHORAMENTO VEGETAL S.A.;F29806MAX;AP;1;
2026-2027;Milho 2ª Safra consorciado com Braquiária;COOPERATIVA EXPERIMENTAL DE SEMENTES;MB9843PLUS;ES;2;
2026-2027;Trigo;AGRO CERRADO PESQUISA E SEMENTES LTDA;TR9880PRO4;MG;0;Macrorregião 1
2026-2027;Milho Produtividade 3000 Kg-Ha;SEMENTES HORIZONTE LTDA;M39917VIP3;PI;1;
2026-2027;Girassol;GENÉTICA CAMPO FORTE LTDA;GI9954PWU;RR;2;
2026-2027;Milho Produtividade 4000 Kg-Ha;BRASIL CULTIVARES E BIOTECNOLOGIA LTDA;M49991RR2;AC;0;
2026-2027;GIRASSOL - Helianthus annuus L.;TECNOAGRO PESQUISA E DESENVOLVIMENTO LTDA;GH1028CL;CE;1;
2026-2027;Milho Produtividade 5000 Kg-Ha;INSTITUTO NACIONAL DE CULTIVARES MOCK;M51065TG;MT;2;
2026-2027;Amendoim;CENTRO DE PESQUISA AGRÍCOLA SIMULADO;AM1102MAX;PR;0;
2026-2027;Milho Produtividade 6000 Kg-Ha;VALE VERDE SEMENTES E BIOTECNOLOGIA LTDA;M61139PLUS;RS;1;
2026-2027;Algodão Herbáceo;NOVA SAFRA MELHORAMENTO VEGETAL S.A.;AL1176PRO4;SE;2;
2026-2027;Milho Produtividade 7000 Kg-Ha;COOPERATIVA EXPERIMENTAL DE SEMENTES;M71213VIP3;AM;0;
2026-2027;Sorgo;AGRO CERRADO PESQUISA E SEMENTES LTDA;SO1250PWU;GO;1;
2026-2027;Soja;SEMENTES HORIZONTE LTDA;SJ1287RR2;PA;2;
2026-2027;Milho 1ª Safra;GENÉTICA CAMPO FORTE LTDA;MX1324CL;RJ;0;Macrorregião 3
2026-2027;Arroz Irrigado;BRASIL CULTIVARES E BIOTECNOLOGIA LTDA;AI1361TG;SC;1;
2026-2027;MILHO - Zea mays L. - (1° Safra);TECNOAGRO PESQUISA E DESENVOLVIMENTO LTDA;ZM1398MAX;AL;2;
2026-2027;ARROZ SEQUEIRO - Oryza sativa L.;INSTITUTO NACIONAL DE CULTIVARES MOCK;AS1435PLUS;DF;0;
2026-2027;Milho 2ª Safra;CENTRO DE PESQUISA AGRÍCOLA SIMULADO;MS1472PRO4;MS;1;
2026-2027;Feijão 1ª Safra;VALE VERDE SEMENTES E BIOTECNOLOGIA LTDA;F11509VIP3;PE;2;
2026-2027;MILHO - Zea mays L. - (2° Safra);NOVA SAFRA MELHORAMENTO VEGETAL S.A.;ZS1546PWU;RO;0;
2026-2027;Feijão 2ª Safra;COOPERATIVA EXPERIMENTAL DE SEMENTES;F21583RR2;TO;1;
2026-2027;Milho 2ª Safra consorciado com Braquiária;AGRO CERRADO PESQUISA E SEMENTES LTDA;MB1620CL;BA;2;
2026-2027;Trigo;SEMENTES HORIZONTE LTDA;TR1657TG;MA;0;
2026-2027;Milho Produtividade 3000 Kg-Ha;GENÉTICA CAMPO FORTE LTDA;M31694MAX;PB;1;
2026-2027;Girassol;BRASIL CULTIVARES E BIOTECNOLOGIA LTDA;GI1731PLUS;RN;2;
2026-2027;Milho Produtividade 4000 Kg-Ha;TECNOAGRO PESQUISA E DESENVOLVIMENTO LTDA;M41768PRO4;SP;0;Macrorregião 5
2026-2027;GIRASSOL - Helianthus annuus L.;INSTITUTO NACIONAL DE CULTIVARES MOCK;GH1805VIP3;AP;1;
2026-2027;Milho Produtividade 5000 Kg-Ha;CENTRO DE PESQUISA AGRÍCOLA SIMULADO;M51842PWU;ES;2;
2026-2027;Amendoim;VALE VERDE SEMENTES E BIOTECNOLOGIA LTDA;AM1879RR2;MG;0;
2026-2027;Milho Produtividade 6000 Kg-Ha;NOVA SAFRA MELHORAMENTO VEGETAL S.A.;M61916CL;PI;1;
2026-2027;Algodão Herbáceo;COOPERATIVA EXPERIMENTAL DE SEMENTES;AL1953TG;RR;2;
2026-2027;Milho Produtividade 7000 Kg-Ha;AGRO CERRADO PESQUISA E SEMENTES LTDA;M71990MAX;AC;0;
2026-2027;Sorgo;SEMENTES HORIZONTE LTDA;SO2027PLUS;CE;1;
2026-2027;Soja;GENÉTICA CAMPO FORTE LTDA;SJ2064PRO4;MT;2;
2026-2027;Milho 1ª Safra;BRASIL CULTIVARES E BIOTECNOLOGIA LTDA;MX2101VIP3;PR;0;
2026-2027;Arroz Irrigado;TECNOAGRO PESQUISA E DESENVOLVIMENTO LTDA;AI2138PWU;RS;1;
2026-2027;MILHO - Zea mays L. - (1° Safra);INSTITUTO NACIONAL DE CULTIVARES MOCK;ZM2175RR2;SE;2;
2026-2027;ARROZ SEQUEIRO - Oryza sativa L.;CENTRO DE PESQUISA AGRÍCOLA SIMULADO;AS2212CL;AM;0;Macrorregião 2
2026-2027;Milho 2ª Safra;VALE VERDE SEMENTES E BIOTECNOLOGIA LTDA;MS2249TG;GO;1;
2026-2027;Feijão 1ª Safra;NOVA SAFRA MELHORAMENTO VEGETAL S.A.;F12286MAX;PA;2;
2026-2027;MILHO - Zea mays L. - (2° Safra);COOPERATIVA EXPERIMENTAL DE SEMENTES;ZS2323PLUS;RJ;0;
2026-2027;Feijão 2ª Safra;AGRO CERRADO PESQUISA E SEMENTES LTDA;F22360PRO4;SC;1;
2026-2027;Milho 2ª Safra consorciado com Braquiária;SEMENTES HORIZONTE LTDA;MB2397VIP3;AL;2;
2026-2027;Trigo;GENÉTICA CAMPO FORTE LTDA;TR2434PWU;DF;0;
2026-2027;Milho Produtividade 3000 Kg-Ha;BRASIL CULTIVARES E BIOTECNOLOGIA LTDA;M32471RR2;MS;1;
2026-2027;Girassol;TECNOAGRO PESQUISA E DESENVOLVIMENTO LTDA;GI2508CL;PE;2;
2026-2027;Milho Produtividade 4000 Kg-Ha;INSTITUTO NACIONAL DE CULTIVARES MOCK;M42545TG;RO;0;
2026-2027;GIRASSOL - Helianthus annuus L.;CENTRO DE PESQUISA AGRÍCOLA SIMULADO;GH2582MAX;TO;1;
2026-2027;Milho Produtividade 5000 Kg-Ha;VALE VERDE SEMENTES E BIOTECNOLOGIA LTDA;M52619PLUS;BA;2;
2026-2027;Amendoim;NOVA SAFRA MELHORAMENTO VEGETAL S.A.;AM2656PRO4;MA;0;Macrorregião 4
2026-2027;Milho Produtividade 6000 Kg-Ha;COOPERATIVA EXPERIMENTAL DE SEMENTES;M62693VIP3;PB;1;
2026-2027;Algodão Herbáceo;AGRO CERRADO PESQUISA E SEMENTES LTDA;AL2730PWU;RN;2;
2026-2027;Milho Produtividade 7000 Kg-Ha;SEMENTES HORIZONTE LTDA;M72767RR2;SP;0;
2026-2027;Sorgo;GENÉTICA CAMPO FORTE LTDA;SO2804CL;AP;1;
2026-2027;Soja;BRASIL CULTIVARES E BIOTECNOLOGIA LTDA;SJ2841TG;ES;2;
2026-2027;Milho 1ª Safra;TECNOAGRO PESQUISA E DESENVOLVIMENTO LTDA;MX2878MAX;MG;0;
2026-2027;Arroz Irrigado;INSTITUTO NACIONAL DE CULTIVARES MOCK;AI2915PLUS;PI;1;
2026-2027;MILHO - Zea mays L. - (1° Safra);CENTRO DE PESQUISA AGRÍCOLA SIMULADO;ZM2952PRO4;RR;2;
2026-2027;ARROZ SEQUEIRO - Oryza sativa L.;VALE VERDE SEMENTES E BIOTECNOLOGIA LTDA;AS2989VIP3;AC;0;
2026-2027;Milho 2ª Safra;NOVA SAFRA MELHORAMENTO VEGETAL S.A.;MS3026PWU;CE;1;
2026-2027;Feijão 1ª Safra;COOPERATIVA EXPERIMENTAL DE SEMENTES;F13063RR2;MT;2;
2026-2027;MILHO - Zea mays L. - (2° Safra);AGRO CERRADO PESQUISA E SEMENTES LTDA;ZS3100CL;PR;0;Macrorregião 1
2026-2027;Feijão 2ª Safra;SEMENTES HORIZONTE LTDA;F23137TG;RS;1;
2026-2027;Milho 2ª Safra consorciado com Braquiária;GENÉTICA CAMPO FORTE LTDA;MB3174MAX;SE;2;
2026-2027;Trigo;BRASIL CULTIVARES E BIOTECNOLOGIA LTDA;TR3211PLUS;AM;0;
2026-2027;Milho Produtividade 3000 Kg-Ha;TECNOAGRO PESQUISA E DESENVOLVIMENTO LTDA;M33248PRO4;GO;1;
2026-2027;Girassol;INSTITUTO NACIONAL DE CULTIVARES MOCK;GI3285VIP3;PA;2;
2026-2027;Milho Produtividade 4000 Kg-Ha;CENTRO DE PESQUISA AGRÍCOLA SIMULADO;M43322PWU;RJ;0;
2026-2027;GIRASSOL - Helianthus annuus L.;VALE VERDE SEMENTES E BIOTECNOLOGIA LTDA;GH3359RR2;SC;1;
2026-2027;Milho Produtividade 5000 Kg-Ha;NOVA SAFRA MELHORAMENTO VEGETAL S.A.;M53396CL;AL;2;
2026-2027;Amendoim;COOPERATIVA EXPERIMENTAL DE SEMENTES;AM3433TG;DF;0;
2026-2027;Milho Produtividade 6000 Kg-Ha;AGRO CERRADO PESQUISA E SEMENTES LTDA;M63470MAX;MS;1;
2026-2027;Algodão Herbáceo;SEMENTES HORIZONTE LTDA;AL3507PLUS;PE;2;
2026-2027;Milho Produtividade 7000 Kg-Ha;GENÉTICA CAMPO FORTE LTDA;M73544PRO4;RO;0;Macrorregião 3
2026-2027;Sorgo;BRASIL CULTIVARES E BIOTECNOLOGIA LTDA;SO3581VIP3;TO;1;
2026-2027;Soja;TECNOAGRO PESQUISA E DESENVOLVIMENTO LTDA;SJ3618PWU;BA;2;
2026-2027;Milho 1ª Safra;INSTITUTO NACIONAL DE CULTIVARES MOCK;MX3655RR2;MA;0;
2026-2027;Arroz Irrigado;CENTRO DE PESQUISA AGRÍCOLA SIMULADO;AI3692CL;PB;1;
2026-2027;MILHO - Zea mays L. - (1° Safra);VALE VERDE SEMENTES E BIOTECNOLOGIA LTDA;ZM3729TG;RN;2;
2026-2027;ARROZ SEQUEIRO - Oryza sativa L.;NOVA SAFRA MELHORAMENTO VEGETAL S.A.;AS3766MAX;SP;0;
2026-2027;Milho 2ª Safra;COOPERATIVA EXPERIMENTAL DE SEMENTES;MS3803PLUS;AP;1;
2026-2027;Feijão 1ª Safra;AGRO CERRADO PESQUISA E SEMENTES LTDA;F13840PRO4;ES;2;
2026-2027;MILHO - Zea mays L. - (2° Safra);SEMENTES HORIZONTE LTDA;ZS3877VIP3;MG;0;
2026-2027;Feijão 2ª Safra;GENÉTICA CAMPO FORTE LTDA;F23914PWU;PI;1;
2026-2027;Milho 2ª Safra consorciado com Braquiária;BRASIL CULTIVARES E BIOTECNOLOGIA LTDA;MB3951RR2;RR;2;
2026-2027;Trigo;TECNOAGRO PESQUISA E DESENVOLVIMENTO LTDA;TR3988CL;AC;0;Macrorregião 5
2026-2027;Milho Produtividade 3000 Kg-Ha;INSTITUTO NACIONAL DE CULTIVARES MOCK;M34025TG;CE;1;
2026-2027;Girassol;CENTRO DE PESQUISA AGRÍCOLA SIMULADO;GI4062MAX;MT;2;
2026-2027;Milho Produtividade 4000 Kg-Ha;VALE VERDE SEMENTES E BIOTECNOLOGIA LTDA;M44099PLUS;PR;0;
2026-2027;GIRASSOL - Helianthus annuus L.;NOVA SAFRA MELHORAMENTO VEGETAL S.A.;GH4136PRO4;RS;1;
2026-2027;Milho Produtividade 5000 Kg-Ha;COOPERATIVA EXPERIMENTAL DE SEMENTES;M54173VIP3;SE;2;
2026-2027;Amendoim;AGRO CERRADO PESQUISA E SEMENTES LTDA;AM4210PWU;AM;0;
2026-2027;Milho Produtividade 6000 Kg-Ha;SEMENTES HORIZONTE LTDA;M64247RR2;GO;1;
2026-2027;Algodão Herbáceo;GENÉTICA CAMPO FORTE LTDA;AL4284CL;PA;2;
2026-2027;Milho Produtividade 7000 Kg-Ha;BRASIL CULTIVARES E BIOTECNOLOGIA LTDA;M74321TG;RJ;0;
2026-2027;Sorgo;TECNOAGRO PESQUISA E DESENVOLVIMENTO LTDA;SO4358MAX;SC;1;
2026-2027;Soja;INSTITUTO NACIONAL DE CULTIVARES MOCK;SJ4395PLUS;AL;2;
2026-2027;Milho 1ª Safra;CENTRO DE PESQUISA AGRÍCOLA SIMULADO;MX4432PRO4;DF;0;Macrorregião 2
2026-2027;Arroz Irrigado;VALE VERDE SEMENTES E BIOTECNOLOGIA LTDA;AI4469VIP3;MS;1;
2026-2027;MILHO - Zea mays L. - (1° Safra);NOVA SAFRA MELHORAMENTO VEGETAL S.A.;ZM4506PWU;PE;2;
2026-2027;ARROZ SEQUEIRO - Oryza sativa L.;COOPERATIVA EXPERIMENTAL DE SEMENTES;AS4543RR2;RO;0;
2026-2027;Milho 2ª Safra;AGRO CERRADO PESQUISA E SEMENTES LTDA;MS4580CL;TO;1;
2026-2027;Feijão 1ª Safra;SEMENTES HORIZONTE LTDA;F14617TG;BA;2;
2026-2027;MILHO - Zea mays L. - (2° Safra);GENÉTICA CAMPO FORTE LTDA;ZS4654MAX;MA;0;
2026-2027;Feijão 2ª Safra;BRASIL CULTIVARES E BIOTECNOLOGIA LTDA;F24691PLUS;PB;1;
2026-2027;Milho 2ª Safra consorciado com Braquiária;TECNOAGRO PESQUISA E DESENVOLVIMENTO LTDA;MB4728PRO4;RN;2;
2026-2027;Trigo;INSTITUTO NACIONAL DE CULTIVARES MOCK;TR4765VIP3;SP;0;
2026-2027;Milho Produtividade 3000 Kg-Ha;CENTRO DE PESQUISA AGRÍCOLA SIMULADO;M34802PWU;AP;1;
2026-2027;Girassol;VALE VERDE SEMENTES E BIOTECNOLOGIA LTDA;GI4839RR2;ES;2;
2026-2027;Milho Produtividade 4000 Kg-Ha;NOVA SAFRA MELHORAMENTO VEGETAL S.A.;M44876CL;MG;0;Macrorregião 4
2026-2027;GIRASSOL - Helianthus annuus L.;COOPERATIVA EXPERIMENTAL DE SEMENTES;GH4913TG;PI;1;
2026-2027;Milho Produtividade 5000 Kg-Ha;AGRO CERRADO PESQUISA E SEMENTES LTDA;M54950MAX;RR;2;
2026-2027;Amendoim;SEMENTES HORIZONTE LTDA;AM4987PLUS;AC;0;
2026-2027;Milho Produtividade 6000 Kg-Ha;GENÉTICA CAMPO FORTE LTDA;M65024PRO4;CE;1;
2026-2027;Algodão Herbáceo;BRASIL CULTIVARES E BIOTECNOLOGIA LTDA;AL5061VIP3;MT;2;
2026-2027;Milho Produtividade 7000 Kg-Ha;TECNOAGRO PESQUISA E DESENVOLVIMENTO LTDA;M75098PWU;PR;0;
2026-2027;Sorgo;INSTITUTO NACIONAL DE CULTIVARES MOCK;SO5135RR2;RS;1;
2026-2027;Soja;CENTRO DE PESQUISA AGRÍCOLA SIMULADO;SJ5172CL;SE;2;
2026-2027;Milho 1ª Safra;VALE VERDE SEMENTES E BIOTECNOLOGIA LTDA;MX5209TG;AM;0;
2026-2027;Arroz Irrigado;NOVA SAFRA MELHORAMENTO VEGETAL S.A.;AI5246MAX;GO;1;
2026-2027;MILHO - Zea mays L. - (1° Safra);COOPERATIVA EXPERIMENTAL DE SEMENTES;ZM5283PLUS;PA;2;
2026-2027;ARROZ SEQUEIRO - Oryza sativa L.;AGRO CERRADO PESQUISA E SEMENTES LTDA;AS5320PRO4;RJ;0;Macrorregião 1
2026-2027;Milho 2ª Safra;SEMENTES HORIZONTE LTDA;MS5357VIP3;SC;1;
2026-2027;Feijão 1ª Safra;GENÉTICA CAMPO FORTE LTDA;F15394PWU;AL;2;
2026-2027;MILHO - Zea mays L. - (2° Safra);BRASIL CULTIVARES E BIOTECNOLOGIA LTDA;ZS5431RR2;DF;0;
2026-2027;Feijão 2ª Safra;TECNOAGRO PESQUISA E DESENVOLVIMENTO LTDA;F25468CL;MS;1;
2026-2027;Milho 2ª Safra consorciado com Braquiária;INSTITUTO NACIONAL DE CULTIVARES MOCK;MB5505TG;PE;2;
2026-2027;Trigo;CENTRO DE PESQUISA AGRÍCOLA SIMULADO;TR5542MAX;RO;0;
2026-2027;Milho Produtividade 3000 Kg-Ha;VALE VERDE SEMENTES E BIOTECNOLOGIA LTDA;M35579PLUS;TO;1;
2026-2027;Girassol;NOVA SAFRA MELHORAMENTO VEGETAL S.A.;GI5616PRO4;BA;2;
2026-2027;Milho Produtividade 4000 Kg-Ha;COOPERATIVA EXPERIMENTAL DE SEMENTES;M45653VIP3;MA;0;
2026-2027;GIRASSOL - Helianthus annuus L.;AGRO CERRADO PESQUISA E SEMENTES LTDA;GH5690PWU;PB;1;
2026-2027;Milho Produtividade 5000 Kg-Ha;SEMENTES HORIZONTE LTDA;M55727RR2;RN;2;
2026-2027;Amendoim;GENÉTICA CAMPO FORTE LTDA;AM5764CL;SP;0;Macrorregião 3
2026-2027;Milho Produtividade 6000 Kg-Ha;BRASIL CULTIVARES E BIOTECNOLOGIA LTDA;M65801TG;AP;1;
2026-2027;Algodão Herbáceo;TECNOAGRO PESQUISA E DESENVOLVIMENTO LTDA;AL5838MAX;ES;2;
2026-2027;Milho Produtividade 7000 Kg-Ha;INSTITUTO NACIONAL DE CULTIVARES MOCK;M75875PLUS;MG;0;
2026-2027;Sorgo;CENTRO DE PESQUISA AGRÍCOLA SIMULADO;SO5912PRO4;PI;1;
2026-2027;Soja;VALE VERDE SEMENTES E BIOTECNOLOGIA LTDA;SJ5949VIP3;RR;2;
2026-2027;Milho 1ª Safra;NOVA SAFRA MELHORAMENTO VEGETAL S.A.;MX5986PWU;AC;0;
2026-2027;Arroz Irrigado;COOPERATIVA EXPERIMENTAL DE SEMENTES;AI6023RR2;CE;1;
2026-2027;MILHO - Zea mays L. - (1° Safra);AGRO CERRADO PESQUISA E SEMENTES LTDA;ZM6060CL;MT;2;
2026-2027;ARROZ SEQUEIRO - Oryza sativa L.;SEMENTES HORIZONTE LTDA;AS6097TG;PR;0;
2026-2027;Milho 2ª Safra;GENÉTICA CAMPO FORTE LTDA;MS6134MAX;RS;1;
2026-2027;Feijão 1ª Safra;BRASIL CULTIVARES E BIOTECNOLOGIA LTDA;F16171PLUS;SE;2;
2026-2027;MILHO - Zea mays L. - (2° Safra);TECNOAGRO PESQUISA E DESENVOLVIMENTO LTDA;ZS6208PRO4;AM;0;Macrorregião 5
2026-2027;Feijão 2ª Safra;INSTITUTO NACIONAL DE CULTIVARES MOCK;F26245VIP3;GO;1;
2026-2027;Milho 2ª Safra consorciado com Braquiária;CENTRO DE PESQUISA AGRÍCOLA SIMULADO;MB6282PWU;PA;2;
2026-2027;Trigo;VALE VERDE SEMENTES E BIOTECNOLOGIA LTDA;TR6319RR2;RJ;0;
2026-2027;Milho Produtividade 3000 Kg-Ha;NOVA SAFRA MELHORAMENTO VEGETAL S.A.;M36356CL;SC;1;
2026-2027;Girassol;COOPERATIVA EXPERIMENTAL DE SEMENTES;GI6393TG;AL;2;
2026-2027;Milho Produtividade 4000 Kg-Ha;AGRO CERRADO PESQUISA E SEMENTES LTDA;M46430MAX;DF;0;
2026-2027;GIRASSOL - Helianthus annuus L.;SEMENTES HORIZONTE LTDA;GH6467PLUS;MS;1;
2026-2027;Milho Produtividade 5000 Kg-Ha;GENÉTICA CAMPO FORTE LTDA;M56504PRO4;PE;2;
2026-2027;Amendoim;BRASIL CULTIVARES E BIOTECNOLOGIA LTDA;AM6541VIP3;RO;0;
2026-2027;Milho Produtividade 6000 Kg-Ha;TECNOAGRO PESQUISA E DESENVOLVIMENTO LTDA;M66578PWU;TO;1;
2026-2027;Algodão Herbáceo;INSTITUTO NACIONAL DE CULTIVARES MOCK;AL6615RR2;BA;2;
2026-2027;Milho Produtividade 7000 Kg-Ha;CENTRO DE PESQUISA AGRÍCOLA SIMULADO;M76652CL;MA;0;Macrorregião 2
2026-2027;Sorgo;VALE VERDE SEMENTES E BIOTECNOLOGIA LTDA;SO6689TG;PB;1;
2026-2027;Soja;NOVA SAFRA MELHORAMENTO VEGETAL S.A.;SJ6726MAX;RN;2;
2026-2027;Milho 1ª Safra;COOPERATIVA EXPERIMENTAL DE SEMENTES;MX6763PLUS;SP;0;
2026-2027;Arroz Irrigado;AGRO CERRADO PESQUISA E SEMENTES LTDA;AI6800PRO4;AP;1;
2026-2027;MILHO - Zea mays L. - (1° Safra);SEMENTES HORIZONTE LTDA;ZM6837VIP3;ES;2;
2026-2027;ARROZ SEQUEIRO - Oryza sativa L.;GENÉTICA CAMPO FORTE LTDA;AS6874PWU;MG;0;
2026-2027;Milho 2ª Safra;BRASIL CULTIVARES E BIOTECNOLOGIA LTDA;MS6911RR2;PI;1;
2026-2027;Feijão 1ª Safra;TECNOAGRO PESQUISA E DESENVOLVIMENTO LTDA;F16948CL;RR;2;
2026-2027;MILHO - Zea mays L. - (2° Safra);INSTITUTO NACIONAL DE CULTIVARES MOCK;ZS6985TG;AC;0;
2026-2027;Feijão 2ª Safra;CENTRO DE PESQUISA AGRÍCOLA SIMULADO;F27022MAX;CE;1;
2026-2027;Milho 2ª Safra consorciado com Braquiária;VALE VERDE SEMENTES E BIOTECNOLOGIA LTDA;MB7059PLUS;MT;2;
2026-2027;Trigo;NOVA SAFRA MELHORAMENTO VEGETAL S.A.;TR7096PRO4;PR;0;Macrorregião 4
2026-2027;Milho Produtividade 3000 Kg-Ha;COOPERATIVA EXPERIMENTAL DE SEMENTES;M37133VIP3;RS;1;
2026-2027;Girassol;AGRO CERRADO PESQUISA E SEMENTES LTDA;GI7170PWU;SE;2;
2026-2027;Milho Produtividade 4000 Kg-Ha;SEMENTES HORIZONTE LTDA;M47207RR2;AM;0;
2026-2027;GIRASSOL - Helianthus annuus L.;GENÉTICA CAMPO FORTE LTDA;GH7244CL;GO;1;
2026-2027;Milho Produtividade 5000 Kg-Ha;BRASIL CULTIVARES E BIOTECNOLOGIA LTDA;M57281TG;PA;2;
2026-2027;Amendoim;TECNOAGRO PESQUISA E DESENVOLVIMENTO LTDA;AM7318MAX;RJ;0;
2026-2027;Milho Produtividade 6000 Kg-Ha;INSTITUTO NACIONAL DE CULTIVARES MOCK;M67355PLUS;SC;1;
2026-2027;Algodão Herbáceo;CENTRO DE PESQUISA AGRÍCOLA SIMULADO;AL7392PRO4;AL;2;
2026-2027;Milho Produtividade 7000 Kg-Ha;VALE VERDE SEMENTES E BIOTECNOLOGIA LTDA;M77429VIP3;DF;0;
2026-2027;Sorgo;NOVA SAFRA MELHORAMENTO VEGETAL S.A.;SO7466PWU;MS;1;
2026-2027;Soja;COOPERATIVA EXPERIMENTAL DE SEMENTES;SJ7503RR2;PE;2;
2026-2027;Milho 1ª Safra;AGRO CERRADO PESQUISA E SEMENTES LTDA;MX7540CL;RO;0;Macrorregião 1
2026-2027;Arroz Irrigado;SEMENTES HORIZONTE LTDA;AI7577TG;TO;1;
2026-2027;MILHO - Zea mays L. - (1° Safra);GENÉTICA CAMPO FORTE LTDA;ZM7614MAX;BA;2;
2026-2027;ARROZ SEQUEIRO - Oryza sativa L.;BRASIL CULTIVARES E BIOTECNOLOGIA LTDA;AS7651PLUS;MA;0;
2026-2027;Milho 2ª Safra;TECNOAGRO PESQUISA E DESENVOLVIMENTO LTDA;MS7688PRO4;PB;1;
2026-2027;Feijão 1ª Safra;INSTITUTO NACIONAL DE CULTIVARES MOCK;F17725VIP3;RN;2;
2026-2027;MILHO - Zea mays L. - (2° Safra);CENTRO DE PESQUISA AGRÍCOLA SIMULADO;ZS7762PWU;SP;0;
2026-2027;Feijão 2ª Safra;VALE VERDE SEMENTES E BIOTECNOLOGIA LTDA;F27799RR2;AP;1;
2026-2027;Milho 2ª Safra consorciado com Braquiária;NOVA SAFRA MELHORAMENTO VEGETAL S.A.;MB7836CL;ES;2;
2026-2027;Trigo;COOPERATIVA EXPERIMENTAL DE SEMENTES;TR7873TG;MG;0;
2026-2027;Milho Produtividade 3000 Kg-Ha;AGRO CERRADO PESQUISA E SEMENTES LTDA;M37910MAX;PI;1;
2026-2027;Girassol;SEMENTES HORIZONTE LTDA;GI7947PLUS;RR;2;
2026-2027;Milho Produtividade 4000 Kg-Ha;GENÉTICA CAMPO FORTE LTDA;M47984PRO4;AC;0;Macrorregião 3
2026-2027;GIRASSOL - Helianthus annuus L.;BRASIL CULTIVARES E BIOTECNOLOGIA LTDA;GH8021VIP3;CE;1;
2026-2027;Milho Produtividade 5000 Kg-Ha;TECNOAGRO PESQUISA E DESENVOLVIMENTO LTDA;M58058PWU;MT;2;
2026-2027;Amendoim;INSTITUTO NACIONAL DE CULTIVARES MOCK;AM8095RR2;PR;0;
2026-2027;Milho Produtividade 6000 Kg-Ha;CENTRO DE PESQUISA AGRÍCOLA SIMULADO;M68132CL;RS;1;
2026-2027;Algodão Herbáceo;VALE VERDE SEMENTES E BIOTECNOLOGIA LTDA;AL8169TG;SE;2;
2026-2027;Milho Produtividade 7000 Kg-Ha;NOVA SAFRA MELHORAMENTO VEGETAL S.A.;M78206MAX;AM;0;
2026-2027;Sorgo;COOPERATIVA EXPERIMENTAL DE SEMENTES;SO8243PLUS;GO;1;
2026-2027;Soja;AGRO CERRADO PESQUISA E SEMENTES LTDA;SJ8280PRO4;PA;2;
2026-2027;Milho 1ª Safra;SEMENTES HORIZONTE LTDA;MX8317VIP3;RJ;0;
2026-2027;Arroz Irrigado;GENÉTICA CAMPO FORTE LTDA;AI8354PWU;SC;1;
2026-2027;MILHO - Zea mays L. - (1° Safra);BRASIL CULTIVARES E BIOTECNOLOGIA LTDA;ZM8391RR2;AL;2;
2026-2027;ARROZ SEQUEIRO - Oryza sativa L.;TECNOAGRO PESQUISA E DESENVOLVIMENTO LTDA;AS8428CL;DF;0;Macrorregião 5
2026-2027;Milho 2ª Safra;INSTITUTO NACIONAL DE CULTIVARES MOCK;MS8465TG;MS;1;
2026-2027;Feijão 1ª Safra;CENTRO DE PESQUISA AGRÍCOLA SIMULADO;F18502MAX;PE;2;
2026-2027;MILHO - Zea mays L. - (2° Safra);VALE VERDE SEMENTES E BIOTECNOLOGIA LTDA;ZS8539PLUS;RO;0;
2026-2027;Feijão 2ª Safra;NOVA SAFRA MELHORAMENTO VEGETAL S.A.;F28576PRO4;TO;1;
2026-2027;Milho 2ª Safra consorciado com Braquiária;COOPERATIVA EXPERIMENTAL DE SEMENTES;MB8613VIP3;BA;2;
2026-2027;Trigo;AGRO CERRADO PESQUISA E SEMENTES LTDA;TR8650PWU;MA;0;
2026-2027;Milho Produtividade 3000 Kg-Ha;SEMENTES HORIZONTE LTDA;M38687RR2;PB;1;
2026-2027;Girassol;GENÉTICA CAMPO FORTE LTDA;GI8724CL;RN;2;
2026-2027;Milho Produtividade 4000 Kg-Ha;BRASIL CULTIVARES E BIOTECNOLOGIA LTDA;M48761TG;SP;0;
2026-2027;GIRASSOL - Helianthus annuus L.;TECNOAGRO PESQUISA E DESENVOLVIMENTO LTDA;GH8798MAX;AP;1;
2026-2027;Milho Produtividade 5000 Kg-Ha;INSTITUTO NACIONAL DE CULTIVARES MOCK;M58835PLUS;ES;2;
2026-2027;Amendoim;CENTRO DE PESQUISA AGRÍCOLA SIMULADO;AM8872PRO4;MG;0;Macrorregião 2
2026-2027;Milho Produtividade 6000 Kg-Ha;VALE VERDE SEMENTES E BIOTECNOLOGIA LTDA;M68909VIP3;PI;1;
2026-2027;Algodão Herbáceo;NOVA SAFRA MELHORAMENTO VEGETAL S.A.;AL8946PWU;RR;2;
2026-2027;Milho Produtividade 7000 Kg-Ha;COOPERATIVA EXPERIMENTAL DE SEMENTES;M78983RR2;AC;0;
2026-2027;Sorgo;AGRO CERRADO PESQUISA E SEMENTES LTDA;SO9020CL;CE;1;
2026-2027;Soja;SEMENTES HORIZONTE LTDA;SJ9057TG;MT;2;
2026-2027;Milho 1ª Safra;GENÉTICA CAMPO FORTE LTDA;MX9094MAX;PR;0;
2026-2027;Arroz Irrigado;BRASIL CULTIVARES E BIOTECNOLOGIA LTDA;AI9131PLUS;RS;1;
2026-2027;MILHO - Zea mays L. - (1° Safra);TECNOAGRO PESQUISA E DESENVOLVIMENTO LTDA;ZM9168PRO4;SE;2;
2026-2027;ARROZ SEQUEIRO - Oryza sativa L.;INSTITUTO NACIONAL DE CULTIVARES MOCK;AS9205VIP3;AM;0;
2026-2027;Milho 2ª Safra;CENTRO DE PESQUISA AGRÍCOLA SIMULADO;MS9242PWU;GO;1;
2026-2027;Feijão 1ª Safra;VALE VERDE SEMENTES E BIOTECNOLOGIA LTDA;F19279RR2;PA;2;
2026-2027;MILHO - Zea mays L. - (2° Safra);NOVA SAFRA MELHORAMENTO VEGETAL S.A.;ZS9316CL;RJ;0;Macrorregião 4
2026-2027;Feijão 2ª Safra;COOPERATIVA EXPERIMENTAL DE SEMENTES;F29353TG;SC;1;
2026-2027;Milho 2ª Safra consorciado com Braquiária;AGRO CERRADO PESQUISA E SEMENTES LTDA;MB9390MAX;AL;2;
2026-2027;Trigo;SEMENTES HORIZONTE LTDA;TR9427PLUS;DF;0;
2026-2027;Milho Produtividade 3000 Kg-Ha;GENÉTICA CAMPO FORTE LTDA;M39464PRO4;MS;1;
2026-2027;Girassol;BRASIL CULTIVARES E BIOTECNOLOGIA LTDA;GI9501VIP3;PE;2;
2026-2027;Milho Produtividade 4000 Kg-Ha;TECNOAGRO PESQUISA E DESENVOLVIMENTO LTDA;M49538PWU;RO;0;
2026-2027;GIRASSOL - Helianthus annuus L.;INSTITUTO NACIONAL DE CULTIVARES MOCK;GH9575RR2;TO;1;
2026-2027;Milho Produtividade 5000 Kg-Ha;CENTRO DE PESQUISA AGRÍCOLA SIMULADO;M59612CL;BA;2;
2026-2027;Amendoim;VALE VERDE SEMENTES E BIOTECNOLOGIA LTDA;AM9649TG;MA;0;
2026-2027;Milho Produtividade 6000 Kg-Ha;NOVA SAFRA MELHORAMENTO VEGETAL S.A.;M69686MAX;PB;1;
2026-2027;Algodão Herbáceo;COOPERATIVA EXPERIMENTAL DE SEMENTES;AL9723PLUS;RN;2;
2026-2027;Milho Produtividade 7000 Kg-Ha;AGRO CERRADO PESQUISA E SEMENTES LTDA;M79760PRO4;SP;0;Macrorregião 1
2026-2027;Sorgo;SEMENTES HORIZONTE LTDA;SO9797VIP3;AP;1;
2026-2027;Soja;GENÉTICA CAMPO FORTE LTDA;SJ9834PWU;ES;2;
2026-2027;Milho 1ª Safra;BRASIL CULTIVARES E BIOTECNOLOGIA LTDA;MX9871RR2;MG;0;
2026-2027;Arroz Irrigado;TECNOAGRO PESQUISA E DESENVOLVIMENTO LTDA;AI9908CL;PI;1;
2026-2027;MILHO - Zea mays L. - (1° Safra);INSTITUTO NACIONAL DE CULTIVARES MOCK;ZM9945TG;RR;2;
2026-2027;ARROZ SEQUEIRO - Oryza sativa L.;CENTRO DE PESQUISA AGRÍCOLA SIMULADO;AS9982MAX;AC;0;
2026-2027;Milho 2ª Safra;VALE VERDE SEMENTES E BIOTECNOLOGIA LTDA;MS1019PLUS;CE;1;
2026-2027;Feijão 1ª Safra;NOVA SAFRA MELHORAMENTO VEGETAL S.A.;F11056PRO4;MT;2;
2026-2027;MILHO - Zea mays L. - (2° Safra);COOPERATIVA EXPERIMENTAL DE SEMENTES;ZS1093VIP3;PR;0;
2026-2027;Feijão 2ª Safra;AGRO CERRADO PESQUISA E SEMENTES LTDA;F21130PWU;RS;1;
2026-2027;Milho 2ª Safra consorciado com Braquiária;SEMENTES HORIZONTE LTDA;MB1167RR2;SE;2;
2026-2027;Trigo;GENÉTICA CAMPO FORTE LTDA;TR1204CL;AM;0;Macrorregião 3
2026-2027;Milho Produtividade 3000 Kg-Ha;BRASIL CULTIVARES E BIOTECNOLOGIA LTDA;M31241TG;GO;1;
2026-2027;Girassol;TECNOAGRO PESQUISA E DESENVOLVIMENTO LTDA;GI1278MAX;PA;2;
2026-2027;Milho Produtividade 4000 Kg-Ha;INSTITUTO NACIONAL DE CULTIVARES MOCK;M41315PLUS;RJ;0;
2026-2027;GIRASSOL - Helianthus annuus L.;CENTRO DE PESQUISA AGRÍCOLA SIMULADO;GH1352PRO4;SC;1;
2026-2027;Milho Produtividade 5000 Kg-Ha;VALE VERDE SEMENTES E BIOTECNOLOGIA LTDA;M51389VIP3;AL;2;
2026-2027;Amendoim;NOVA SAFRA MELHORAMENTO VEGETAL S.A.;AM1426PWU;DF;0;
2026-2027;Milho Produtividade 6000 Kg-Ha;COOPERATIVA EXPERIMENTAL DE SEMENTES;M61463RR2;MS;1;
2026-2027;Algodão Herbáceo;AGRO CERRADO PESQUISA E SEMENTES LTDA;AL1500CL;PE;2;
2026-2027;Milho Produtividade 7000 Kg-Ha;SEMENTES HORIZONTE LTDA;M71537TG;RO;0;
2026-2027;Sorgo;GENÉTICA CAMPO FORTE LTDA;SO1574MAX;TO;1;
2026-2027;Soja;BRASIL CULTIVARES E BIOTECNOLOGIA LTDA;SJ1611PLUS;BA;2;
2026-2027;Milho 1ª Safra;TECNOAGRO PESQUISA E DESENVOLVIMENTO LTDA;MX1648PRO4;MA;0;Macrorregião 5
2026-2027;Arroz Irrigado;INSTITUTO NACIONAL DE CULTIVARES MOCK;AI1685VIP3;PB;1;
2026-2027;MILHO - Zea mays L. - (1° Safra);CENTRO DE PESQUISA AGRÍCOLA SIMULADO;ZM1722PWU;RN;2;
2026-2027;ARROZ SEQUEIRO - Oryza sativa L.;VALE VERDE SEMENTES E BIOTECNOLOGIA LTDA;AS1759RR2;SP;0;
2026-2027;Milho 2ª Safra;NOVA SAFRA MELHORAMENTO VEGETAL S.A.;MS1796CL;AP;1;
2026-2027;Feijão 1ª Safra;COOPERATIVA EXPERIMENTAL DE SEMENTES;F11833TG;ES;2;
2026-2027;MILHO - Zea mays L. - (2° Safra);AGRO CERRADO PESQUISA E SEMENTES LTDA;ZS1870MAX;MG;0;
2026-2027;Feijão 2ª Safra;SEMENTES HORIZONTE LTDA;F21907PLUS;PI;1;
2026-2027;Milho 2ª Safra consorciado com Braquiária;GENÉTICA CAMPO FORTE LTDA;MB1944PRO4;RR;2;
2026-2027;Trigo;BRASIL CULTIVARES E BIOTECNOLOGIA LTDA;TR1981VIP3;AC;0;
2026-2027;Milho Produtividade 3000 Kg-Ha;TECNOAGRO PESQUISA E DESENVOLVIMENTO LTDA;M32018PWU;CE;1;
2026-2027;Girassol;INSTITUTO NACIONAL DE CULTIVARES MOCK;GI2055RR2;MT;2;
2026-2027;Milho Produtividade 4000 Kg-Ha;CENTRO DE PESQUISA AGRÍCOLA SIMULADO;M42092CL;PR;0;Macrorregião 2
2026-2027;GIRASSOL - Helianthus annuus L.;VALE VERDE SEMENTES E BIOTECNOLOGIA LTDA;GH2129TG;RS;1;
2026-2027;Milho Produtividade 5000 Kg-Ha;NOVA SAFRA MELHORAMENTO VEGETAL S.A.;M52166MAX;SE;2;
2026-2027;Amendoim;COOPERATIVA EXPERIMENTAL DE SEMENTES;AM2203PLUS;AM;0;
2026-2027;Milho Produtividade 6000 Kg-Ha;AGRO CERRADO PESQUISA E SEMENTES LTDA;M62240PRO4;GO;1;
2026-2027;Algodão Herbáceo;SEMENTES HORIZONTE LTDA;AL2277VIP3;PA;2;
2026-2027;Milho Produtividade 7000 Kg-Ha;GENÉTICA CAMPO FORTE LTDA;M72314PWU;RJ;0;
2026-2027;Sorgo;BRASIL CULTIVARES E BIOTECNOLOGIA LTDA;SO2351RR2;SC;1;
2026-2027;Soja;TECNOAGRO PESQUISA E DESENVOLVIMENTO LTDA;SJ2388CL;AL;2;
2026-2027;Milho 1ª Safra;INSTITUTO NACIONAL DE CULTIVARES MOCK;MX2425TG;DF;0;
2026-2027;Arroz Irrigado;CENTRO DE PESQUISA AGRÍCOLA SIMULADO;AI2462MAX;MS;1;
2026-2027;MILHO - Zea mays L. - (1° Safra);VALE VERDE SEMENTES E BIOTECNOLOGIA LTDA;ZM2499PLUS;PE;2;
2026-2027;ARROZ SEQUEIRO - Oryza sativa L.;NOVA SAFRA MELHORAMENTO VEGETAL S.A.;AS2536PRO4;RO;0;Macrorregião 4
2026-2027;Milho 2ª Safra;COOPERATIVA EXPERIMENTAL DE SEMENTES;MS2573VIP3;TO;1;
2026-2027;Feijão 1ª Safra;AGRO CERRADO PESQUISA E SEMENTES LTDA;F12610PWU;BA;2;
2026-2027;MILHO - Zea mays L. - (2° Safra);SEMENTES HORIZONTE LTDA;ZS2647RR2;MA;0;
2026-2027;Feijão 2ª Safra;GENÉTICA CAMPO FORTE LTDA;F22684CL;PB;1;
2026-2027;Milho 2ª Safra consorciado com Braquiária;BRASIL CULTIVARES E BIOTECNOLOGIA LTDA;MB2721TG;RN;2;
2026-2027;Trigo;TECNOAGRO PESQUISA E DESENVOLVIMENTO LTDA;TR2758MAX;SP;0;
2026-2027;Milho Produtividade 3000 Kg-Ha;INSTITUTO NACIONAL DE CULTIVARES MOCK;M32795PLUS;AP;1;
2026-2027;Girassol;CENTRO DE PESQUISA AGRÍCOLA SIMULADO;GI2832PRO4;ES;2;
2026-2027;Milho Produtividade 4000 Kg-Ha;VALE VERDE SEMENTES E BIOTECNOLOGIA LTDA;M42869VIP3;MG;0;
2026-2027;GIRASSOL - Helianthus annuus L.;NOVA SAFRA MELHORAMENTO VEGETAL S.A.;GH2906PWU;PI;1;
2026-2027;Milho Produtividade 5000 Kg-Ha;COOPERATIVA EXPERIMENTAL DE SEMENTES;M52943RR2;RR;2;
2026-2027;Amendoim;AGRO CERRADO PESQUISA E SEMENTES LTDA;AM2980CL;AC;0;Macrorregião 1
2026-2027;Milho Produtividade 6000 Kg-Ha;SEMENTES HORIZONTE LTDA;M63017TG;CE;1;
2026-2027;Algodão Herbáceo;GENÉTICA CAMPO FORTE LTDA;AL3054MAX;MT;2;
2026-2027;Milho Produtividade 7000 Kg-Ha;BRASIL CULTIVARES E BIOTECNOLOGIA LTDA;M73091PLUS;PR;0;
2026-2027;Sorgo;TECNOAGRO PESQUISA E DESENVOLVIMENTO LTDA;SO3128PRO4;RS;1;
2026-2027;Soja;INSTITUTO NACIONAL DE CULTIVARES MOCK;SJ3165VIP3;SE;2;
2026-2027;Milho 1ª Safra;CENTRO DE PESQUISA AGRÍCOLA SIMULADO;MX3202PWU;AM;0;
2026-2027;Arroz Irrigado;VALE VERDE SEMENTES E BIOTECNOLOGIA LTDA;AI3239RR2;GO;1;
2026-2027;MILHO - Zea mays L. - (1° Safra);NOVA SAFRA MELHORAMENTO VEGETAL S.A.;ZM3276CL;PA;2;
2026-2027;ARROZ SEQUEIRO - Oryza sativa L.;COOPERATIVA EXPERIMENTAL DE SEMENTES;AS3313TG;RJ;0;
2026-2027;Milho 2ª Safra;AGRO CERRADO PESQUISA E SEMENTES LTDA;MS3350MAX;SC;1;
2026-2027;Feijão 1ª Safra;SEMENTES HORIZONTE LTDA;F13387PLUS;AL;2;
2026-2027;MILHO - Zea mays L. - (2° Safra);GENÉTICA CAMPO FORTE LTDA;ZS3424PRO4;DF;0;Macrorregião 3
2026-2027;Feijão 2ª Safra;BRASIL CULTIVARES E BIOTECNOLOGIA LTDA;F23461VIP3;MS;1;
2026-2027;Milho 2ª Safra consorciado com Braquiária;TECNOAGRO PESQUISA E DESENVOLVIMENTO LTDA;MB3498PWU;PE;2;
2026-2027;Trigo;INSTITUTO NACIONAL DE CULTIVARES MOCK;TR3535RR2;RO;0;
2026-2027;Milho Produtividade 3000 Kg-Ha;CENTRO DE PESQUISA AGRÍCOLA SIMULADO;M33572CL;TO;1;
2026-2027;Girassol;VALE VERDE SEMENTES E BIOTECNOLOGIA LTDA;GI3609TG;BA;2;
2026-2027;Milho Produtividade 4000 Kg-Ha;NOVA SAFRA MELHORAMENTO VEGETAL S.A.;M43646MAX;MA;0;
2026-2027;GIRASSOL - Helianthus annuus L.;COOPERATIVA EXPERIMENTAL DE SEMENTES;GH3683PLUS;PB;1;
2026-2027;Milho Produtividade 5000 Kg-Ha;AGRO CERRADO PESQUISA E SEMENTES LTDA;M53720PRO4;RN;2;
2026-2027;Amendoim;SEMENTES HORIZONTE LTDA;AM3757VIP3;SP;0;
2026-2027;Milho Produtividade 6000 Kg-Ha;GENÉTICA CAMPO FORTE LTDA;M63794PWU;AP;1;
2026-2027;Algodão Herbáceo;BRASIL CULTIVARES E BIOTECNOLOGIA LTDA;AL3831RR2;ES;2;
2026-2027;Milho Produtividade 7000 Kg-Ha;TECNOAGRO PESQUISA E DESENVOLVIMENTO LTDA;M73868CL;MG;0;Macrorregião 5
2026-2027;Sorgo;INSTITUTO NACIONAL DE CULTIVARES MOCK;SO3905TG;PI;1;
2026-2027;Soja;CENTRO DE PESQUISA AGRÍCOLA SIMULADO;SJ3942MAX;RR;2;
2026-2027;Milho 1ª Safra;VALE VERDE SEMENTES E BIOTECNOLOGIA LTDA;MX3979PLUS;AC;0;
2026-2027;Arroz Irrigado;NOVA SAFRA MELHORAMENTO VEGETAL S.A.;AI4016PRO4;CE;1;
2026-2027;MILHO - Zea mays L. - (1° Safra);COOPERATIVA EXPERIMENTAL DE SEMENTES;ZM4053VIP3;MT;2;
2026-2027;ARROZ SEQUEIRO - Oryza sativa L.;AGRO CERRADO PESQUISA E SEMENTES LTDA;AS4090PWU;PR;0;
2026-2027;Milho 2ª Safra;SEMENTES HORIZONTE LTDA;MS4127RR2;RS;1;
2026-2027;Feijão 1ª Safra;GENÉTICA CAMPO FORTE LTDA;F14164CL;SE;2;
2026-2027;MILHO - Zea mays L. - (2° Safra);BRASIL CULTIVARES E BIOTECNOLOGIA LTDA;ZS4201TG;AM;0;
2026-2027;Feijão 2ª Safra;TECNOAGRO PESQUISA E DESENVOLVIMENTO LTDA;F24238MAX;GO;1;
2026-2027;Milho 2ª Safra consorciado com Braquiária;INSTITUTO NACIONAL DE CULTIVARES MOCK;MB4275PLUS;PA;2;
2026-2027;Trigo;CENTRO DE PESQUISA AGRÍCOLA SIMULADO;TR4312PRO4;RJ;0;Macrorregião 2
2026-2027;Milho Produtividade 3000 Kg-Ha;VALE VERDE SEMENTES E BIOTECNOLOGIA LTDA;M34349VIP3;SC;1;
2026-2027;Girassol;NOVA SAFRA MELHORAMENTO VEGETAL S.A.;GI4386PWU;AL;2;
2026-2027;Milho Produtividade 4000 Kg-Ha;COOPERATIVA EXPERIMENTAL DE SEMENTES;M44423RR2;DF;0;
2026-2027;GIRASSOL - Helianthus annuus L.;AGRO CERRADO PESQUISA E SEMENTES LTDA;GH4460CL;MS;1;
2026-2027;Milho Produtividade 5000 Kg-Ha;SEMENTES HORIZONTE LTDA;M54497TG;PE;2;
2026-2027;Amendoim;GENÉTICA CAMPO FORTE LTDA;AM4534MAX;RO;0;
2026-2027;Milho Produtividade 6000 Kg-Ha;BRASIL CULTIVARES E BIOTECNOLOGIA LTDA;M64571PLUS;TO;1;
2026-2027;Algodão Herbáceo;TECNOAGRO PESQUISA E DESENVOLVIMENTO LTDA;AL4608PRO4;BA;2;
2026-2027;Milho Produtividade 7000 Kg-Ha;INSTITUTO NACIONAL DE CULTIVARES MOCK;M74645VIP3;MA;0;
2026-2027;Sorgo;CENTRO DE PESQUISA AGRÍCOLA SIMULADO;SO4682PWU;PB;1;
2026-2027;Soja;VALE VERDE SEMENTES E BIOTECNOLOGIA LTDA;SJ4719RR2;RN;2;
2026-2027;Milho 1ª Safra;NOVA SAFRA MELHORAMENTO VEGETAL S.A.;MX4756CL;SP;0;Macrorregião 4
2026-2027;Arroz Irrigado;COOPERATIVA EXPERIMENTAL DE SEMENTES;AI4793TG;AP;1;
2026-2027;MILHO - Zea mays L. - (1° Safra);AGRO CERRADO PESQUISA E SEMENTES LTDA;ZM4830MAX;ES;2;
2026-2027;ARROZ SEQUEIRO - Oryza sativa L.;SEMENTES HORIZONTE LTDA;AS4867PLUS;MG;0;
2026-2027;Milho 2ª Safra;GENÉTICA CAMPO FORTE LTDA;MS4904PRO4;PI;1;
2026-2027;Feijão 1ª Safra;BRASIL CULTIVARES E BIOTECNOLOGIA LTDA;F14941VIP3;RR;2;
2026-2027;MILHO - Zea mays L. - (2° Safra);TECNOAGRO PESQUISA E DESENVOLVIMENTO LTDA;ZS4978PWU;AC;0;
2026-2027;Feijão 2ª Safra;INSTITUTO NACIONAL DE CULTIVARES MOCK;F25015RR2;CE;1;
2026-2027;Milho 2ª Safra consorciado com Braquiária;CENTRO DE PESQUISA AGRÍCOLA SIMULADO;MB5052CL;MT;2;
2026-2027;Trigo;VALE VERDE SEMENTES E BIOTECNOLOGIA LTDA;TR5089TG;PR;0;
2026-2027;Milho Produtividade 3000 Kg-Ha;NOVA SAFRA MELHORAMENTO VEGETAL S.A.;M35126MAX;RS;1;
2026-2027;Girassol;COOPERATIVA EXPERIMENTAL DE SEMENTES;GI5163PLUS;SE;2;
2026-2027;Milho Produtividade 4000 Kg-Ha;AGRO CERRADO PESQUISA E SEMENTES LTDA;M45200PRO4;AM;0;Macrorregião 1
2026-2027;GIRASSOL - Helianthus annuus L.;SEMENTES HORIZONTE LTDA;GH5237VIP3;GO;1;
2026-2027;Milho Produtividade 5000 Kg-Ha;GENÉTICA CAMPO FORTE LTDA;M55274PWU;PA;2;
2026-2027;Amendoim;BRASIL CULTIVARES E BIOTECNOLOGIA LTDA;AM5311RR2;RJ;0;
2026-2027;Milho Produtividade 6000 Kg-Ha;TECNOAGRO PESQUISA E DESENVOLVIMENTO LTDA;M65348CL;SC;1;
2026-2027;Algodão Herbáceo;INSTITUTO NACIONAL DE CULTIVARES MOCK;AL5385TG;AL;2;
2026-2027;Milho Produtividade 7000 Kg-Ha;CENTRO DE PESQUISA AGRÍCOLA SIMULADO;M75422MAX;DF;0;
2026-2027;Sorgo;VALE VERDE SEMENTES E BIOTECNOLOGIA LTDA;SO5459PLUS;MS;1;
2026-2027;Soja;NOVA SAFRA MELHORAMENTO VEGETAL S.A.;SJ5496PRO4;PE;2;
2026-2027;Milho 1ª Safra;COOPERATIVA EXPERIMENTAL DE SEMENTES;MX5533VIP3;RO;0;
2026-2027;Arroz Irrigado;AGRO CERRADO PESQUISA E SEMENTES LTDA;AI5570PWU;TO;1;
2026-2027;MILHO - Zea mays L. - (1° Safra);SEMENTES HORIZONTE LTDA;ZM5607RR2;BA;2;
2026-2027;ARROZ SEQUEIRO - Oryza sativa L.;GENÉTICA CAMPO FORTE LTDA;AS5644CL;MA;0;Macrorregião 3
2026-2027;Milho 2ª Safra;BRASIL CULTIVARES E BIOTECNOLOGIA LTDA;MS5681TG;PB;1;
2026-2027;Feijão 1ª Safra;TECNOAGRO PESQUISA E DESENVOLVIMENTO LTDA;F15718MAX;RN;2;
2026-2027;MILHO - Zea mays L. - (2° Safra);INSTITUTO NACIONAL DE CULTIVARES MOCK;ZS5755PLUS;SP;0;
2026-2027;Feijão 2ª Safra;CENTRO DE PESQUISA AGRÍCOLA SIMULADO;F25792PRO4;AP;1;
2026-2027;Milho 2ª Safra consorciado com Braquiária;VALE VERDE SEMENTES E BIOTECNOLOGIA LTDA;MB5829VIP3;ES;2;
2026-2027;Trigo;NOVA SAFRA MELHORAMENTO VEGETAL S.A.;TR5866PWU;MG;0;
2026-2027;Milho Produtividade 3000 Kg-Ha;COOPERATIVA EXPERIMENTAL DE SEMENTES;M35903RR2;PI;1;
2026-2027;Girassol;AGRO CERRADO PESQUISA E SEMENTES LTDA;GI5940CL;RR;2;
2026-2027;Milho Produtividade 4000 Kg-Ha;SEMENTES HORIZONTE LTDA;M45977TG;AC;0;
2026-2027;GIRASSOL - Helianthus annuus L.;GENÉTICA CAMPO FORTE LTDA;GH6014MAX;CE;1;
2026-2027;Milho Produtividade 5000 Kg-Ha;BRASIL CULTIVARES E BIOTECNOLOGIA LTDA;M56051PLUS;MT;2;
2026-2027;Amendoim;TECNOAGRO PESQUISA E DESENVOLVIMENTO LTDA;AM6088PRO4;PR;0;Macrorregião 5
2026-2027;Milho Produtividade 6000 Kg-Ha;INSTITUTO NACIONAL DE CULTIVARES MOCK;M66125VIP3;RS;1;
2026-2027;Algodão Herbáceo;CENTRO DE PESQUISA AGRÍCOLA SIMULADO;AL6162PWU;SE;2;
2026-2027;Milho Produtividade 7000 Kg-Ha;VALE VERDE SEMENTES E BIOTECNOLOGIA LTDA;M76199RR2;AM;0;
2026-2027;Sorgo;NOVA SAFRA MELHORAMENTO VEGETAL S.A.;SO6236CL;GO;1;
2026-2027;Soja;COOPERATIVA EXPERIMENTAL DE SEMENTES;SJ6273TG;PA;2;
2026-2027;Milho 1ª Safra;AGRO CERRADO PESQUISA E SEMENTES LTDA;MX6310MAX;RJ;0;
2026-2027;Arroz Irrigado;SEMENTES HORIZONTE LTDA;AI6347PLUS;SC;1;
2026-2027;MILHO - Zea mays L. - (1° Safra);GENÉTICA CAMPO FORTE LTDA;ZM6384PRO4;AL;2;
2026-2027;ARROZ SEQUEIRO - Oryza sativa L.;BRASIL CULTIVARES E BIOTECNOLOGIA LTDA;AS6421VIP3;DF;0;
2026-2027;Milho 2ª Safra;TECNOAGRO PESQUISA E DESENVOLVIMENTO LTDA;MS6458PWU;MS;1;
2026-2027;Feijão 1ª Safra;INSTITUTO NACIONAL DE CULTIVARES MOCK;F16495RR2;PE;2;
2026-2027;MILHO - Zea mays L. - (2° Safra);CENTRO DE PESQUISA AGRÍCOLA SIMULADO;ZS6532CL;RO;0;Macrorregião 2
2026-2027;Feijão 2ª Safra;VALE VERDE SEMENTES E BIOTECNOLOGIA LTDA;F26569TG;TO;1;
2026-2027;Milho 2ª Safra consorciado com Braquiária;NOVA SAFRA MELHORAMENTO VEGETAL S.A.;MB6606MAX;BA;2;
2026-2027;Trigo;COOPERATIVA EXPERIMENTAL DE SEMENTES;TR6643PLUS;MA;0;
2026-2027;Milho Produtividade 3000 Kg-Ha;AGRO CERRADO PESQUISA E SEMENTES LTDA;M36680PRO4;PB;1;
2026-2027;Girassol;SEMENTES HORIZONTE LTDA;GI6717VIP3;RN;2;
2026-2027;Milho Produtividade 4000 Kg-Ha;GENÉTICA CAMPO FORTE LTDA;M46754PWU;SP;0;
2026-2027;GIRASSOL - Helianthus annuus L.;BRASIL CULTIVARES E BIOTECNOLOGIA LTDA;GH6791RR2;AP;1;
2026-2027;Milho Produtividade 5000 Kg-Ha;TECNOAGRO PESQUISA E DESENVOLVIMENTO LTDA;M56828CL;ES;2;
2026-2027;Amendoim;INSTITUTO NACIONAL DE CULTIVARES MOCK;AM6865TG;MG;0;
2026-2027;Milho Produtividade 6000 Kg-Ha;CENTRO DE PESQUISA AGRÍCOLA SIMULADO;M66902MAX;PI;1;
2026-2027;Algodão Herbáceo;VALE VERDE SEMENTES E BIOTECNOLOGIA LTDA;AL6939PLUS;RR;2;
2026-2027;Milho Produtividade 7000 Kg-Ha;NOVA SAFRA MELHORAMENTO VEGETAL S.A.;M76976PRO4;AC;0;Macrorregião 4
2026-2027;Sorgo;COOPERATIVA EXPERIMENTAL DE SEMENTES;SO7013VIP3;CE;1;
2026-2027;Soja;AGRO CERRADO PESQUISA E SEMENTES LTDA;SJ7050PWU;MT;2;
2026-2027;Milho 1ª Safra;SEMENTES HORIZONTE LTDA;MX7087RR2;PR;0;
2026-2027;Arroz Irrigado;GENÉTICA CAMPO FORTE LTDA;AI7124CL;RS;1;
2026-2027;MILHO - Zea mays L. - (1° Safra);BRASIL CULTIVARES E BIOTECNOLOGIA LTDA;ZM7161TG;SE;2;
2026-2027;ARROZ SEQUEIRO - Oryza sativa L.;TECNOAGRO PESQUISA E DESENVOLVIMENTO LTDA;AS7198MAX;AM;0;
2026-2027;Milho 2ª Safra;INSTITUTO NACIONAL DE CULTIVARES MOCK;MS7235PLUS;GO;1;
2026-2027;Feijão 1ª Safra;CENTRO DE PESQUISA AGRÍCOLA SIMULADO;F17272PRO4;PA;2;
2026-2027;MILHO - Zea mays L. - (2° Safra);VALE VERDE SEMENTES E BIOTECNOLOGIA LTDA;ZS7309VIP3;RJ;0;
2026-2027;Feijão 2ª Safra;NOVA SAFRA MELHORAMENTO VEGETAL S.A.;F27346PWU;SC;1;
2026-2027;Milho 2ª Safra consorciado com Braquiária;COOPERATIVA EXPERIMENTAL DE SEMENTES;MB7383RR2;AL;2;
2026-2027;Trigo;AGRO CERRADO PESQUISA E SEMENTES LTDA;TR7420CL;DF;0;Macrorregião 1
2026-2027;Milho Produtividade 3000 Kg-Ha;SEMENTES HORIZONTE LTDA;M37457TG;MS;1;
2026-2027;Girassol;GENÉTICA CAMPO FORTE LTDA;GI7494MAX;PE;2;
2026-2027;Milho Produtividade 4000 Kg-Ha;BRASIL CULTIVARES E BIOTECNOLOGIA LTDA;M47531PLUS;RO;0;
2026-2027;GIRASSOL - Helianthus annuus L.;TECNOAGRO PESQUISA E DESENVOLVIMENTO LTDA;GH7568PRO4;TO;1;
2026-2027;Milho Produtividade 5000 Kg-Ha;INSTITUTO NACIONAL DE CULTIVARES MOCK;M57605VIP3;BA;2;
2026-2027;Amendoim;CENTRO DE PESQUISA AGRÍCOLA SIMULADO;AM7642PWU;MA;0;
2026-2027;Milho Produtividade 6000 Kg-Ha;VALE VERDE SEMENTES E BIOTECNOLOGIA LTDA;M67679RR2;PB;1;
2026-2027;Algodão Herbáceo;NOVA SAFRA MELHORAMENTO VEGETAL S.A.;AL7716CL;RN;2;
2026-2027;Milho Produtividade 7000 Kg-Ha;COOPERATIVA EXPERIMENTAL DE SEMENTES;M77753TG;SP;0;
2026-2027;Sorgo;AGRO CERRADO PESQUISA E SEMENTES LTDA;SO7790MAX;AP;1;
2026-2027;Soja;SEMENTES HORIZONTE LTDA;SJ7827PLUS;ES;2;
2026-2027;Milho 1ª Safra;GENÉTICA CAMPO FORTE LTDA;MX7864PRO4;MG;0;Macrorregião 3
2026-2027;Arroz Irrigado;BRASIL CULTIVARES E BIOTECNOLOGIA LTDA;AI7901VIP3;PI;1;
2026-2027;MILHO - Zea mays L. - (1° Safra);TECNOAGRO PESQUISA E DESENVOLVIMENTO LTDA;ZM7938PWU;RR;2;
2026-2027;ARROZ SEQUEIRO - Oryza sativa L.;INSTITUTO NACIONAL DE CULTIVARES MOCK;AS7975RR2;AC;0;
2026-2027;Milho 2ª Safra;CENTRO DE PESQUISA AGRÍCOLA SIMULADO;MS8012CL;CE;1;
2026-2027;Feijão 1ª Safra;VALE VERDE SEMENTES E BIOTECNOLOGIA LTDA;F18049TG;MT;2;
2026-2027;MILHO - Zea mays L. - (2° Safra);NOVA SAFRA MELHORAMENTO VEGETAL S.A.;ZS8086MAX;PR;0;
2026-2027;Feijão 2ª Safra;COOPERATIVA EXPERIMENTAL DE SEMENTES;F28123PLUS;RS;1;
2026-2027;Milho 2ª Safra consorciado com Braquiária;AGRO CERRADO PESQUISA E SEMENTES LTDA;MB8160PRO4;SE;2;
2026-2027;Trigo;SEMENTES HORIZONTE LTDA;TR8197VIP3;AM;0;
2026-2027;Milho Produtividade 3000 Kg-Ha;GENÉTICA CAMPO FORTE LTDA;M38234PWU;GO;1;
2026-2027;Girassol;BRASIL CULTIVARES E BIOTECNOLOGIA LTDA;GI8271RR2;PA;2;
2026-2027;Milho Produtividade 4000 Kg-Ha;TECNOAGRO PESQUISA E DESENVOLVIMENTO LTDA;M48308CL;RJ;0;Macrorregião 5
2026-2027;GIRASSOL - Helianthus annuus L.;INSTITUTO NACIONAL DE CULTIVARES MOCK;GH8345TG;SC;1;
2026-2027;Milho Produtividade 5000 Kg-Ha;CENTRO DE PESQUISA AGRÍCOLA SIMULADO;M58382MAX;AL;2;
2026-2027;Amendoim;VALE VERDE SEMENTES E BIOTECNOLOGIA LTDA;AM8419PLUS;DF;0;
2026-2027;Milho Produtividade 6000 Kg-Ha;NOVA SAFRA MELHORAMENTO VEGETAL S.A.;M68456PRO4;MS;1;
2026-2027;Algodão Herbáceo;COOPERATIVA EXPERIMENTAL DE SEMENTES;AL8493VIP3;PE;2;
2026-2027;Milho Produtividade 7000 Kg-Ha;AGRO CERRADO PESQUISA E SEMENTES LTDA;M78530PWU;RO;0;
2026-2027;Sorgo;SEMENTES HORIZONTE LTDA;SO8567RR2;TO;1;
2026-2027;Soja;GENÉTICA CAMPO FORTE LTDA;SJ8604CL;BA;2;
2026-2027;Milho 1ª Safra;BRASIL CULTIVARES E BIOTECNOLOGIA LTDA;MX8641TG;MA;0;
2026-2027;Arroz Irrigado;TECNOAGRO PESQUISA E DESENVOLVIMENTO LTDA;AI8678MAX;PB;1;
2026-2027;MILHO - Zea mays L. - (1° Safra);INSTITUTO NACIONAL DE CULTIVARES MOCK;ZM8715PLUS;RN;2;
2026-2027;ARROZ SEQUEIRO - Oryza sativa L.;CENTRO DE PESQUISA AGRÍCOLA SIMULADO;AS8752PRO4;SP;0;Macrorregião 2
2026-2027;Milho 2ª Safra;VALE VERDE SEMENTES E BIOTECNOLOGIA LTDA;MS8789VIP3;AP;1;
2026-2027;Feijão 1ª Safra;NOVA SAFRA MELHORAMENTO VEGETAL S.A.;F18826PWU;ES;2;
2026-2027;MILHO - Zea mays L. - (2° Safra);COOPERATIVA EXPERIMENTAL DE SEMENTES;ZS8863RR2;MG;0;
2026-2027;Feijão 2ª Safra;AGRO CERRADO PESQUISA E SEMENTES LTDA;F28900CL;PI;1;
2026-2027;Milho 2ª Safra consorciado com Braquiária;SEMENTES HORIZONTE LTDA;MB8937TG;RR;2;
2026-2027;Trigo;GENÉTICA CAMPO FORTE LTDA;TR8974MAX;AC;0;
2026-2027;Milho Produtividade 3000 Kg-Ha;BRASIL CULTIVARES E BIOTECNOLOGIA LTDA;M39011PLUS;CE;1;
2026-2027;Girassol;TECNOAGRO PESQUISA E DESENVOLVIMENTO LTDA;GI9048PRO4;MT;2;
2026-2027;Milho Produtividade 4000 Kg-Ha;INSTITUTO NACIONAL DE CULTIVARES MOCK;M49085VIP3;PR;0;
2026-2027;GIRASSOL - Helianthus annuus L.;CENTRO DE PESQUISA AGRÍCOLA SIMULADO;GH9122PWU;RS;1;
2026-2027;Milho Produtividade 5000 Kg-Ha;VALE VERDE SEMENTES E BIOTECNOLOGIA LTDA;M59159RR2;SE;2;
2026-2027;Amendoim;NOVA SAFRA MELHORAMENTO VEGETAL S.A.;AM9196CL;AM;0;Macrorregião 4
2026-2027;Milho Produtividade 6000 Kg-Ha;COOPERATIVA EXPERIMENTAL DE SEMENTES;M69233TG;GO;1;
2026-2027;Algodão Herbáceo;AGRO CERRADO PESQUISA E SEMENTES LTDA;AL9270MAX;PA;2;
2026-2027;Milho Produtividade 7000 Kg-Ha;SEMENTES HORIZONTE LTDA;M79307PLUS;RJ;0;
2026-2027;Sorgo;GENÉTICA CAMPO FORTE LTDA;SO9344PRO4;SC;1;
2026-2027;Soja;BRASIL CULTIVARES E BIOTECNOLOGIA LTDA;SJ9381VIP3;AL;2;
2026-2027;Milho 1ª Safra;TECNOAGRO PESQUISA E DESENVOLVIMENTO LTDA;MX9418PWU;DF;0;
2026-2027;Arroz Irrigado;INSTITUTO NACIONAL DE CULTIVARES MOCK;AI9455RR2;MS;1;
2026-2027;MILHO - Zea mays L. - (1° Safra);CENTRO DE PESQUISA AGRÍCOLA SIMULADO;ZM9492CL;PE;2;
2026-2027;ARROZ SEQUEIRO - Oryza sativa L.;VALE VERDE SEMENTES E BIOTECNOLOGIA LTDA;AS9529TG;RO;0;
2026-2027;Milho 2ª Safra;NOVA SAFRA MELHORAMENTO VEGETAL S.A.;MS9566MAX;TO;1;
2026-2027;Feijão 1ª Safra;COOPERATIVA EXPERIMENTAL DE SEMENTES;F19603PLUS;BA;2;
2026-2027;MILHO - Zea mays L. - (2° Safra);AGRO CERRADO PESQUISA E SEMENTES LTDA;ZS9640PRO4;MA;0;Macrorregião 1
2026-2027;Feijão 2ª Safra;SEMENTES HORIZONTE LTDA;F29677VIP3;PB;1;
2026-2027;Milho 2ª Safra consorciado com Braquiária;GENÉTICA CAMPO FORTE LTDA;MB9714PWU;RN;2;
2026-2027;Trigo;BRASIL CULTIVARES E BIOTECNOLOGIA LTDA;TR9751RR2;SP;0;
2026-2027;Milho Produtividade 3000 Kg-Ha;TECNOAGRO PESQUISA E DESENVOLVIMENTO LTDA;M39788CL;AP;1;
2026-2027;Girassol;INSTITUTO NACIONAL DE CULTIVARES MOCK;GI9825TG;ES;2;
2026-2027;Milho Produtividade 4000 Kg-Ha;CENTRO DE PESQUISA AGRÍCOLA SIMULADO;M49862MAX;MG;0;
2026-2027;GIRASSOL - Helianthus annuus L.;VALE VERDE SEMENTES E BIOTECNOLOGIA LTDA;GH9899PLUS;PI;1;
2026-2027;Milho Produtividade 5000 Kg-Ha;NOVA SAFRA MELHORAMENTO VEGETAL S.A.;M59936PRO4;RR;2;
2026-2027;Amendoim;COOPERATIVA EXPERIMENTAL DE SEMENTES;AM9973VIP3;AC;0;
2026-2027;Milho Produtividade 6000 Kg-Ha;AGRO CERRADO PESQUISA E SEMENTES LTDA;M61010PWU;CE;1;
2026-2027;Algodão Herbáceo;SEMENTES HORIZONTE LTDA;AL1047RR2;MT;2;
2026-2027;Milho Produtividade 7000 Kg-Ha;GENÉTICA CAMPO FORTE LTDA;M71084CL;PR;0;Macrorregião 3
2026-2027;Sorgo;BRASIL CULTIVARES E BIOTECNOLOGIA LTDA;SO1121TG;RS;1;
2026-2027;Soja;TECNOAGRO PESQUISA E DESENVOLVIMENTO LTDA;SJ1158MAX;SE;2;
2026-2027;Milho 1ª Safra;INSTITUTO NACIONAL DE CULTIVARES MOCK;MX1195PLUS;AM;0;
2026-2027;Arroz Irrigado;CENTRO DE PESQUISA AGRÍCOLA SIMULADO;AI1232PRO4;GO;1;
2026-2027;MILHO - Zea mays L. - (1° Safra);VALE VERDE SEMENTES E BIOTECNOLOGIA LTDA;ZM1269VIP3;PA;2;
2026-2027;ARROZ SEQUEIRO - Oryza sativa L.;NOVA SAFRA MELHORAMENTO VEGETAL S.A.;AS1306PWU;RJ;0;
2026-2027;Milho 2ª Safra;COOPERATIVA EXPERIMENTAL DE SEMENTES;MS1343RR2;SC;1;
2026-2027;Feijão 1ª Safra;AGRO CERRADO PESQUISA E SEMENTES LTDA;F11380CL;AL;2;
2026-2027;MILHO - Zea mays L. - (2° Safra);SEMENTES HORIZONTE LTDA;ZS1417TG;DF;0;
2026-2027;Feijão 2ª Safra;GENÉTICA CAMPO FORTE LTDA;F21454MAX;MS;1;
2026-2027;Milho 2ª Safra consorciado com Braquiária;BRASIL CULTIVARES E BIOTECNOLOGIA LTDA;MB1491PLUS;PE;2;
2026-2027;Trigo;TECNOAGRO PESQUISA E DESENVOLVIMENTO LTDA;TR1528PRO4;RO;0;Macrorregião 5
2026-2027;Milho Produtividade 3000 Kg-Ha;INSTITUTO NACIONAL DE CULTIVARES MOCK;M31565VIP3;TO;1;
2026-2027;Girassol;CENTRO DE PESQUISA AGRÍCOLA SIMULADO;GI1602PWU;BA;2;
2026-2027;Milho Produtividade 4000 Kg-Ha;VALE VERDE SEMENTES E BIOTECNOLOGIA LTDA;M41639RR2;MA;0;
2026-2027;GIRASSOL - Helianthus annuus L.;NOVA SAFRA MELHORAMENTO VEGETAL S.A.;GH1676CL;PB;1;
2026-2027;Milho Produtividade 5000 Kg-Ha;COOPERATIVA EXPERIMENTAL DE SEMENTES;M51713TG;RN;2;
2026-2027;Amendoim;AGRO CERRADO PESQUISA E SEMENTES LTDA;AM1750MAX;SP;0;
2026-2027;Milho Produtividade 6000 Kg-Ha;SEMENTES HORIZONTE LTDA;M61787PLUS;AP;1;
2026-2027;Algodão Herbáceo;GENÉTICA CAMPO FORTE LTDA;AL1824PRO4;ES;2;
2026-2027;Milho Produtividade 7000 Kg-Ha;BRASIL CULTIVARES E BIOTECNOLOGIA LTDA;M71861VIP3;MG;0;
2026-2027;Sorgo;TECNOAGRO PESQUISA E DESENVOLVIMENTO LTDA;SO1898PWU;PI;1;
2026-2027;Soja;INSTITUTO NACIONAL DE CULTIVARES MOCK;SJ1935RR2;RR;2;
2026-2027;Milho 1ª Safra;CENTRO DE PESQUISA AGRÍCOLA SIMULADO;MX1972CL;AC;0;Macrorregião 2
2026-2027;Arroz Irrigado;VALE VERDE SEMENTES E BIOTECNOLOGIA LTDA;AI2009TG;CE;1;
2026-2027;MILHO - Zea mays L. - (1° Safra);NOVA SAFRA MELHORAMENTO VEGETAL S.A.;ZM2046MAX;MT;2;
2026-2027;ARROZ SEQUEIRO - Oryza sativa L.;COOPERATIVA EXPERIMENTAL DE SEMENTES;AS2083PLUS;PR;0;
2026-2027;Milho 2ª Safra;AGRO CERRADO PESQUISA E SEMENTES LTDA;MS2120PRO4;RS;1;
2026-2027;Feijão 1ª Safra;SEMENTES HORIZONTE LTDA;F12157VIP3;SE;2;
2026-2027;MILHO - Zea mays L. - (2° Safra);GENÉTICA CAMPO FORTE LTDA;ZS2194PWU;AM;0;
2026-2027;Feijão 2ª Safra;BRASIL CULTIVARES E BIOTECNOLOGIA LTDA;F22231RR2;GO;1;
2026-2027;Milho 2ª Safra consorciado com Braquiária;TECNOAGRO PESQUISA E DESENVOLVIMENTO LTDA;MB2268CL;PA;2;
2026-2027;Trigo;INSTITUTO NACIONAL DE CULTIVARES MOCK;TR2305TG;RJ;0;
2026-2027;Milho Produtividade 3000 Kg-Ha;CENTRO DE PESQUISA AGRÍCOLA SIMULADO;M32342MAX;SC;1;
2026-2027;Girassol;VALE VERDE SEMENTES E BIOTECNOLOGIA LTDA;GI2379PLUS;AL;2;
2026-2027;Milho Produtividade 4000 Kg-Ha;NOVA SAFRA MELHORAMENTO VEGETAL S.A.;M42416PRO4;DF;0;Macrorregião 4
2026-2027;GIRASSOL - Helianthus annuus L.;COOPERATIVA EXPERIMENTAL DE SEMENTES;GH2453VIP3;MS;1;
2026-2027;Milho Produtividade 5000 Kg-Ha;AGRO CERRADO PESQUISA E SEMENTES LTDA;M52490PWU;PE;2;
2026-2027;Amendoim;SEMENTES HORIZONTE LTDA;AM2527RR2;RO;0;
2026-2027;Milho Produtividade 6000 Kg-Ha;GENÉTICA CAMPO FORTE LTDA;M62564CL;TO;1;
2026-2027;Algodão Herbáceo;BRASIL CULTIVARES E BIOTECNOLOGIA LTDA;AL2601TG;BA;2;
2026-2027;Milho Produtividade 7000 Kg-Ha;TECNOAGRO PESQUISA E DESENVOLVIMENTO LTDA;M72638MAX;MA;0;
2026-2027;Sorgo;INSTITUTO NACIONAL DE CULTIVARES MOCK;SO2675PLUS;PB;1;
2026-2027;Soja;CENTRO DE PESQUISA AGRÍCOLA SIMULADO;SJ2712PRO4;RN;2;
2026-2027;Milho 1ª Safra;VALE VERDE SEMENTES E BIOTECNOLOGIA LTDA;MX2749VIP3;SP;0;
2026-2027;Arroz Irrigado;NOVA SAFRA MELHORAMENTO VEGETAL S.A.;AI2786PWU;AP;1;
2026-2027;MILHO - Zea mays L. - (1° Safra);COOPERATIVA EXPERIMENTAL DE SEMENTES;ZM2823RR2;ES;2;
2026-2027;ARROZ SEQUEIRO - Oryza sativa L.;AGRO CERRADO PESQUISA E SEMENTES LTDA;AS2860CL;MG;0;Macrorregião 1
2026-2027;Milho 2ª Safra;SEMENTES HORIZONTE LTDA;MS2897TG;PI;1;
2026-2027;Feijão 1ª Safra;GENÉTICA CAMPO FORTE LTDA;F12934MAX;RR;2;
2026-2027;MILHO - Zea mays L. - (2° Safra);BRASIL CULTIVARES E BIOTECNOLOGIA LTDA;ZS2971PLUS;AC;0;
2026-2027;Feijão 2ª Safra;TECNOAGRO PESQUISA E DESENVOLVIMENTO LTDA;F23008PRO4;CE;1;
2026-2027;Milho 2ª Safra consorciado com Braquiária;INSTITUTO NACIONAL DE CULTIVARES MOCK;MB3045VIP3;MT;2;
2026-2027;Trigo;CENTRO DE PESQUISA AGRÍCOLA SIMULADO;TR3082PWU;PR;0;
2026-2027;Milho Produtividade 3000 Kg-Ha;VALE VERDE SEMENTES E BIOTECNOLOGIA LTDA;M33119RR2;RS;1;
2026-2027;Girassol;NOVA SAFRA MELHORAMENTO VEGETAL S.A.;GI3156CL;SE;2;
2026-2027;Milho Produtividade 4000 Kg-Ha;COOPERATIVA EXPERIMENTAL DE SEMENTES;M43193TG;AM;0;
2026-2027;GIRASSOL - Helianthus annuus L.;AGRO CERRADO PESQUISA E SEMENTES LTDA;GH3230MAX;GO;1;
2026-2027;Milho Produtividade 5000 Kg-Ha;SEMENTES HORIZONTE LTDA;M53267PLUS;PA;2;
2026-2027;Amendoim;GENÉTICA CAMPO FORTE LTDA;AM3304PRO4;RJ;0;Macrorregião 3
2026-2027;Milho Produtividade 6000 Kg-Ha;BRASIL CULTIVARES E BIOTECNOLOGIA LTDA;M63341VIP3;SC;1;
2026-2027;Algodão Herbáceo;TECNOAGRO PESQUISA E DESENVOLVIMENTO LTDA;AL3378PWU;AL;2;
2026-2027;Milho Produtividade 7000 Kg-Ha;INSTITUTO NACIONAL DE CULTIVARES MOCK;M73415RR2;DF;0;
2026-2027;Sorgo;CENTRO DE PESQUISA AGRÍCOLA SIMULADO;SO3452CL;MS;1;
2026-2027;Soja;VALE VERDE SEMENTES E BIOTECNOLOGIA LTDA;SJ3489TG;PE;2;
2026-2027;Milho 1ª Safra;NOVA SAFRA MELHORAMENTO VEGETAL S.A.;MX3526MAX;RO;0;
2026-2027;Arroz Irrigado;COOPERATIVA EXPERIMENTAL DE SEMENTES;AI3563PLUS;TO;1;
2026-2027;MILHO - Zea mays L. - (1° Safra);AGRO CERRADO PESQUISA E SEMENTES LTDA;ZM3600PRO4;BA;2;
2026-2027;ARROZ SEQUEIRO - Oryza sativa L.;SEMENTES HORIZONTE LTDA;AS3637VIP3;MA;0;
2026-2027;Milho 2ª Safra;GENÉTICA CAMPO FORTE LTDA;MS3674PWU;PB;1;
2026-2027;Feijão 1ª Safra;BRASIL CULTIVARES E BIOTECNOLOGIA LTDA;F13711RR2;RN;2;
2026-2027;MILHO - Zea mays L. - (2° Safra);TECNOAGRO PESQUISA E DESENVOLVIMENTO LTDA;ZS3748CL;SP;0;Macrorregião 5
2026-2027;Feijão 2ª Safra;INSTITUTO NACIONAL DE CULTIVARES MOCK;F23785TG;AP;1;
2026-2027;Milho 2ª Safra consorciado com Braquiária;CENTRO DE PESQUISA AGRÍCOLA SIMULADO;MB3822MAX;ES;2;
2026-2027;Trigo;VALE VERDE SEMENTES E BIOTECNOLOGIA LTDA;TR3859PLUS;MG;0;
2026-2027;Milho Produtividade 3000 Kg-Ha;NOVA SAFRA MELHORAMENTO VEGETAL S.A.;M33896PRO4;PI;1;
2026-2027;Girassol;COOPERATIVA EXPERIMENTAL DE SEMENTES;GI3933VIP3;RR;2;
2026-2027;Milho Produtividade 4000 Kg-Ha;AGRO CERRADO PESQUISA E SEMENTES LTDA;M43970PWU;AC;0;
2026-2027;GIRASSOL - Helianthus annuus L.;SEMENTES HORIZONTE LTDA;GH4007RR2;CE;1;
2026-2027;Milho Produtividade 5000 Kg-Ha;GENÉTICA CAMPO FORTE LTDA;M54044CL;MT;2;
2026-2027;Amendoim;BRASIL CULTIVARES E BIOTECNOLOGIA LTDA;AM4081TG;PR;0;
2026-2027;Milho Produtividade 6000 Kg-Ha;TECNOAGRO PESQUISA E DESENVOLVIMENTO LTDA;M64118MAX;RS;1;
2026-2027;Algodão Herbáceo;INSTITUTO NACIONAL DE CULTIVARES MOCK;AL4155PLUS;SE;2;
2026-2027;Milho Produtividade 7000 Kg-Ha;CENTRO DE PESQUISA AGRÍCOLA SIMULADO;M74192PRO4;AM;0;Macrorregião 2
2026-2027;Sorgo;VALE VERDE SEMENTES E BIOTECNOLOGIA LTDA;SO4229VIP3;GO;1;
2026-2027;Soja;NOVA SAFRA MELHORAMENTO VEGETAL S.A.;SJ4266PWU;PA;2;
2026-2027;Milho 1ª Safra;COOPERATIVA EXPERIMENTAL DE SEMENTES;MX4303RR2;RJ;0;
2026-2027;Arroz Irrigado;AGRO CERRADO PESQUISA E SEMENTES LTDA;AI4340CL;SC;1;
2026-2027;MILHO - Zea mays L. - (1° Safra);SEMENTES HORIZONTE LTDA;ZM4377TG;AL;2;
2026-2027;ARROZ SEQUEIRO - Oryza sativa L.;GENÉTICA CAMPO FORTE LTDA;AS4414MAX;DF;0;
2026-2027;Milho 2ª Safra;BRASIL CULTIVARES E BIOTECNOLOGIA LTDA;MS4451PLUS;MS;1;
2026-2027;Feijão 1ª Safra;TECNOAGRO PESQUISA E DESENVOLVIMENTO LTDA;F14488PRO4;PE;2;
2026-2027;MILHO - Zea mays L. - (2° Safra);INSTITUTO NACIONAL DE CULTIVARES MOCK;ZS4525VIP3;RO;0;
2026-2027;Feijão 2ª Safra;CENTRO DE PESQUISA AGRÍCOLA SIMULADO;F24562PWU;TO;1;
2026-2027;Milho 2ª Safra consorciado com Braquiária;VALE VERDE SEMENTES E BIOTECNOLOGIA LTDA;MB4599RR2;BA;2;
2026-2027;Trigo;NOVA SAFRA MELHORAMENTO VEGETAL S.A.;TR4636CL;MA;0;Macrorregião 4
2026-2027;Milho Produtividade 3000 Kg-Ha;COOPERATIVA EXPERIMENTAL DE SEMENTES;M34673TG;PB;1;
2026-2027;Girassol;AGRO CERRADO PESQUISA E SEMENTES LTDA;GI4710MAX;RN;2;
2026-2027;Milho Produtividade 4000 Kg-Ha;SEMENTES HORIZONTE LTDA;M44747PLUS;SP;0;
2026-2027;GIRASSOL - Helianthus annuus L.;GENÉTICA CAMPO FORTE LTDA;GH4784PRO4;AP;1;
2026-2027;Milho Produtividade 5000 Kg-Ha;BRASIL CULTIVARES E BIOTECNOLOGIA LTDA;M54821VIP3;ES;2;
2026-2027;Amendoim;TECNOAGRO PESQUISA E DESENVOLVIMENTO LTDA;AM4858PWU;MG;0;
2026-2027;Milho Produtividade 6000 Kg-Ha;INSTITUTO NACIONAL DE CULTIVARES MOCK;M64895RR2;PI;1;
2026-2027;Algodão Herbáceo;CENTRO DE PESQUISA AGRÍCOLA SIMULADO;AL4932CL;RR;2;
2026-2027;Milho Produtividade 7000 Kg-Ha;VALE VERDE SEMENTES E BIOTECNOLOGIA LTDA;M74969TG;AC;0;
2026-2027;Sorgo;NOVA SAFRA MELHORAMENTO VEGETAL S.A.;SO5006MAX;CE;1;
2026-2027;Soja;COOPERATIVA EXPERIMENTAL DE SEMENTES;SJ5043PLUS;MT;2;
2026-2027;Milho 1ª Safra;AGRO CERRADO PESQUISA E SEMENTES LTDA;MX5080PRO4;PR;0;Macrorregião 1
2026-2027;Arroz Irrigado;SEMENTES HORIZONTE LTDA;AI5117VIP3;RS;1;
2026-2027;MILHO - Zea mays L. - (1° Safra);GENÉTICA CAMPO FORTE LTDA;ZM5154PWU;SE;2;
2026-2027;ARROZ SEQUEIRO - Oryza sativa L.;BRASIL CULTIVARES E BIOTECNOLOGIA LTDA;AS5191RR2;AM;0;
2026-2027;Milho 2ª Safra;TECNOAGRO PESQUISA E DESENVOLVIMENTO LTDA;MS5228CL;GO;1;
2026-2027;Feijão 1ª Safra;INSTITUTO NACIONAL DE CULTIVARES MOCK;F15265TG;PA;2;
2026-2027;MILHO - Zea mays L. - (2° Safra);CENTRO DE PESQUISA AGRÍCOLA SIMULADO;ZS5302MAX;RJ;0;
2026-2027;Feijão 2ª Safra;VALE VERDE SEMENTES E BIOTECNOLOGIA LTDA;F25339PLUS;SC;1;
2026-2027;Milho 2ª Safra consorciado com Braquiária;NOVA SAFRA MELHORAMENTO VEGETAL S.A.;MB5376PRO4;AL;2;
2026-2027;Trigo;COOPERATIVA EXPERIMENTAL DE SEMENTES;TR5413VIP3;DF;0;
2026-2027;Milho Produtividade 3000 Kg-Ha;AGRO CERRADO PESQUISA E SEMENTES LTDA;M35450PWU;MS;1;
2026-2027;Girassol;SEMENTES HORIZONTE LTDA;GI5487RR2;PE;2;
2026-2027;Milho Produtividade 4000 Kg-Ha;GENÉTICA CAMPO FORTE LTDA;M45524CL;RO;0;Macrorregião 3
2026-2027;GIRASSOL - Helianthus annuus L.;BRASIL CULTIVARES E BIOTECNOLOGIA LTDA;GH5561TG;TO;1;
2026-2027;Milho Produtividade 5000 Kg-Ha;TECNOAGRO PESQUISA E DESENVOLVIMENTO LTDA;M55598MAX;BA;2;
2026-2027;Amendoim;INSTITUTO NACIONAL DE CULTIVARES MOCK;AM5635PLUS;MA;0;
2026-2027;Milho Produtividade 6000 Kg-Ha;CENTRO DE PESQUISA AGRÍCOLA SIMULADO;M65672PRO4;PB;1;
2026-2027;Algodão Herbáceo;VALE VERDE SEMENTES E BIOTECNOLOGIA LTDA;AL5709VIP3;RN;2;
2026-2027;Milho Produtividade 7000 Kg-Ha;NOVA SAFRA MELHORAMENTO VEGETAL S.A.;M75746PWU;SP;0;
2026-2027;Sorgo;COOPERATIVA EXPERIMENTAL DE SEMENTES;SO5783RR2;AP;1;
2026-2027;Soja;AGRO CERRADO PESQUISA E SEMENTES LTDA;SJ5820CL;ES;2;
2026-2027;Milho 1ª Safra;SEMENTES HORIZONTE LTDA;MX5857TG;MG;0;
2026-2027;Arroz Irrigado;GENÉTICA CAMPO FORTE LTDA;AI5894MAX;PI;1;
2026-2027;MILHO - Zea mays L. - (1° Safra);BRASIL CULTIVARES E BIOTECNOLOGIA LTDA;ZM5931PLUS;RR;2;
2026-2027;ARROZ SEQUEIRO - Oryza sativa L.;TECNOAGRO PESQUISA E DESENVOLVIMENTO LTDA;AS5968PRO4;AC;0;Macrorregião 5
2026-2027;Milho 2ª Safra;INSTITUTO NACIONAL DE CULTIVARES MOCK;MS6005VIP3;CE;1;
2026-2027;Feijão 1ª Safra;CENTRO DE PESQUISA AGRÍCOLA SIMULADO;F16042PWU;MT;2;
2026-2027;MILHO - Zea mays L. - (2° Safra);VALE VERDE SEMENTES E BIOTECNOLOGIA LTDA;ZS6079RR2;PR;0;
2026-2027;Feijão 2ª Safra;NOVA SAFRA MELHORAMENTO VEGETAL S.A.;F26116CL;RS;1;
2026-2027;Milho 2ª Safra consorciado com Braquiária;COOPERATIVA EXPERIMENTAL DE SEMENTES;MB6153TG;SE;2;
2026-2027;Trigo;AGRO CERRADO PESQUISA E SEMENTES LTDA;TR6190MAX;AM;0;
2026-2027;Milho Produtividade 3000 Kg-Ha;SEMENTES HORIZONTE LTDA;M36227PLUS;GO;1;
2026-2027;Girassol;GENÉTICA CAMPO FORTE LTDA;GI6264PRO4;PA;2;
2026-2027;Milho Produtividade 4000 Kg-Ha;BRASIL CULTIVARES E BIOTECNOLOGIA LTDA;M46301VIP3;RJ;0;
2026-2027;GIRASSOL - Helianthus annuus L.;TECNOAGRO PESQUISA E DESENVOLVIMENTO LTDA;GH6338PWU;SC;1;
2026-2027;Milho Produtividade 5000 Kg-Ha;INSTITUTO NACIONAL DE CULTIVARES MOCK;M56375RR2;AL;2;
2026-2027;Amendoim;CENTRO DE PESQUISA AGRÍCOLA SIMULADO;AM6412CL;DF;0;Macrorregião 2
2026-2027;Milho Produtividade 6000 Kg-Ha;VALE VERDE SEMENTES E BIOTECNOLOGIA LTDA;M66449TG;MS;1;
2026-2027;Algodão Herbáceo;NOVA SAFRA MELHORAMENTO VEGETAL S.A.;AL6486MAX;PE;2;
2026-2027;Milho Produtividade 7000 Kg-Ha;COOPERATIVA EXPERIMENTAL DE SEMENTES;M76523PLUS;RO;0;
2026-2027;Sorgo;AGRO CERRADO PESQUISA E SEMENTES LTDA;SO6560PRO4;TO;1;
2026-2027;Soja;SEMENTES HORIZONTE LTDA;SJ6597VIP3;BA;2;
2026-2027;Milho 1ª Safra;GENÉTICA CAMPO FORTE LTDA;MX6634PWU;MA;0;
2026-2027;Arroz Irrigado;BRASIL CULTIVARES E BIOTECNOLOGIA LTDA;AI6671RR2;PB;1;
2026-2027;MILHO - Zea mays L. - (1° Safra);TECNOAGRO PESQUISA E DESENVOLVIMENTO LTDA;ZM6708CL;RN;2;
2026-2027;ARROZ SEQUEIRO - Oryza sativa L.;INSTITUTO NACIONAL DE CULTIVARES MOCK;AS6745TG;SP;0;
2026-2027;Milho 2ª Safra;CENTRO DE PESQUISA AGRÍCOLA SIMULADO;MS6782MAX;AP;1;
2026-2027;Feijão 1ª Safra;VALE VERDE SEMENTES E BIOTECNOLOGIA LTDA;F16819PLUS;ES;2;
2026-2027;MILHO - Zea mays L. - (2° Safra);NOVA SAFRA MELHORAMENTO VEGETAL S.A.;ZS6856PRO4;MG;0;Macrorregião 4
2026-2027;Feijão 2ª Safra;COOPERATIVA EXPERIMENTAL DE SEMENTES;F26893VIP3;PI;1;
2026-2027;Milho 2ª Safra consorciado com Braquiária;AGRO CERRADO PESQUISA E SEMENTES LTDA;MB6930PWU;RR;2;
2026-2027;Trigo;SEMENTES HORIZONTE LTDA;TR6967RR2;AC;0;
2026-2027;Milho Produtividade 3000 Kg-Ha;GENÉTICA CAMPO FORTE LTDA;M37004CL;CE;1;
2026-2027;Girassol;BRASIL CULTIVARES E BIOTECNOLOGIA LTDA;GI7041TG;MT;2;
2026-2027;Milho Produtividade 4000 Kg-Ha;TECNOAGRO PESQUISA E DESENVOLVIMENTO LTDA;M47078MAX;PR;0;
2026-2027;GIRASSOL - Helianthus annuus L.;INSTITUTO NACIONAL DE CULTIVARES MOCK;GH7115PLUS;RS;1;
2026-2027;Milho Produtividade 5000 Kg-Ha;CENTRO DE PESQUISA AGRÍCOLA SIMULADO;M57152PRO4;SE;2;
2026-2027;Amendoim;VALE VERDE SEMENTES E BIOTECNOLOGIA LTDA;AM7189VIP3;AM;0;
2026-2027;Milho Produtividade 6000 Kg-Ha;NOVA SAFRA MELHORAMENTO VEGETAL S.A.;M67226PWU;GO;1;
2026-2027;Algodão Herbáceo;COOPERATIVA EXPERIMENTAL DE SEMENTES;AL7263RR2;PA;2;
2026-2027;Milho Produtividade 7000 Kg-Ha;AGRO CERRADO PESQUISA E SEMENTES LTDA;M77300CL;RJ;0;Macrorregião 1
2026-2027;Sorgo;SEMENTES HORIZONTE LTDA;SO7337TG;SC;1;
2026-2027;Soja;GENÉTICA CAMPO FORTE LTDA;SJ7374MAX;AL;2;
2026-2027;Milho 1ª Safra;BRASIL CULTIVARES E BIOTECNOLOGIA LTDA;MX7411PLUS;DF;0;
2026-2027;Arroz Irrigado;TECNOAGRO PESQUISA E DESENVOLVIMENTO LTDA;AI7448PRO4;MS;1;
2026-2027;MILHO - Zea mays L. - (1° Safra);INSTITUTO NACIONAL DE CULTIVARES MOCK;ZM7485VIP3;PE;2;
2026-2027;ARROZ SEQUEIRO - Oryza sativa L.;CENTRO DE PESQUISA AGRÍCOLA SIMULADO;AS7522PWU;RO;0;
2026-2027;Milho 2ª Safra;VALE VERDE SEMENTES E BIOTECNOLOGIA LTDA;MS7559RR2;TO;1;
2026-2027;Feijão 1ª Safra;NOVA SAFRA MELHORAMENTO VEGETAL S.A.;F17596CL;BA;2;
2026-2027;MILHO - Zea mays L. - (2° Safra);COOPERATIVA EXPERIMENTAL DE SEMENTES;ZS7633TG;MA;0;
2026-2027;Feijão 2ª Safra;AGRO CERRADO PESQUISA E SEMENTES LTDA;F27670MAX;PB;1;
2026-2027;Milho 2ª Safra consorciado com Braquiária;SEMENTES HORIZONTE LTDA;MB7707PLUS;RN;2;
2026-2027;Trigo;GENÉTICA CAMPO FORTE LTDA;TR7744PRO4;SP;0;Macrorregião 3
2026-2027;Milho Produtividade 3000 Kg-Ha;BRASIL CULTIVARES E BIOTECNOLOGIA LTDA;M37781VIP3;AP;1;
2026-2027;Girassol;TECNOAGRO PESQUISA E DESENVOLVIMENTO LTDA;GI7818PWU;ES;2;
2026-2027;Milho Produtividade 4000 Kg-Ha;INSTITUTO NACIONAL DE CULTIVARES MOCK;M47855RR2;MG;0;
2026-2027;GIRASSOL - Helianthus annuus L.;CENTRO DE PESQUISA AGRÍCOLA SIMULADO;GH7892CL;PI;1;
2026-2027;Milho Produtividade 5000 Kg-Ha;VALE VERDE SEMENTES E BIOTECNOLOGIA LTDA;M57929TG;RR;2;
2026-2027;Amendoim;NOVA SAFRA MELHORAMENTO VEGETAL S.A.;AM7966MAX;AC;0;
2026-2027;Milho Produtividade 6000 Kg-Ha;COOPERATIVA EXPERIMENTAL DE SEMENTES;M68003PLUS;CE;1;
2026-2027;Algodão Herbáceo;AGRO CERRADO PESQUISA E SEMENTES LTDA;AL8040PRO4;MT;2;
2026-2027;Milho Produtividade 7000 Kg-Ha;SEMENTES HORIZONTE LTDA;M78077VIP3;PR;0;
2026-2027;Sorgo;GENÉTICA CAMPO FORTE LTDA;SO8114PWU;RS;1;
2026-2027;Soja;BRASIL CULTIVARES E BIOTECNOLOGIA LTDA;SJ8151RR2;SE;2;
2026-2027;Milho 1ª Safra;TECNOAGRO PESQUISA E DESENVOLVIMENTO LTDA;MX8188CL;AM;0;Macrorregião 5
2026-2027;Arroz Irrigado;INSTITUTO NACIONAL DE CULTIVARES MOCK;AI8225TG;GO;1;
2026-2027;MILHO - Zea mays L. - (1° Safra);CENTRO DE PESQUISA AGRÍCOLA SIMULADO;ZM8262MAX;PA;2;
2026-2027;ARROZ SEQUEIRO - Oryza sativa L.;VALE VERDE SEMENTES E BIOTECNOLOGIA LTDA;AS8299PLUS;RJ;0;
2026-2027;Milho 2ª Safra;NOVA SAFRA MELHORAMENTO VEGETAL S.A.;MS8336PRO4;SC;1;
2026-2027;Feijão 1ª Safra;COOPERATIVA EXPERIMENTAL DE SEMENTES;F18373VIP3;AL;2;
2026-2027;MILHO - Zea mays L. - (2° Safra);AGRO CERRADO PESQUISA E SEMENTES LTDA;ZS8410PWU;DF;0;
2026-2027;Feijão 2ª Safra;SEMENTES HORIZONTE LTDA;F28447RR2;MS;1;
2026-2027;Milho 2ª Safra consorciado com Braquiária;GENÉTICA CAMPO FORTE LTDA;MB8484CL;PE;2;
2026-2027;Trigo;BRASIL CULTIVARES E BIOTECNOLOGIA LTDA;TR8521TG;RO;0;
2026-2027;Milho Produtividade 3000 Kg-Ha;TECNOAGRO PESQUISA E DESENVOLVIMENTO LTDA;M38558MAX;TO;1;
2026-2027;Girassol;INSTITUTO NACIONAL DE CULTIVARES MOCK;GI8595PLUS;BA;2;
2026-2027;Milho Produtividade 4000 Kg-Ha;CENTRO DE PESQUISA AGRÍCOLA SIMULADO;M48632PRO4;MA;0;Macrorregião 2
2026-2027;GIRASSOL - Helianthus annuus L.;VALE VERDE SEMENTES E BIOTECNOLOGIA LTDA;GH8669VIP3;PB;1;
2026-2027;Milho Produtividade 5000 Kg-Ha;NOVA SAFRA MELHORAMENTO VEGETAL S.A.;M58706PWU;RN;2;
2026-2027;Amendoim;COOPERATIVA EXPERIMENTAL DE SEMENTES;AM8743RR2;SP;0;
2026-2027;Milho Produtividade 6000 Kg-Ha;AGRO CERRADO PESQUISA E SEMENTES LTDA;M68780CL;AP;1;
2026-2027;Algodão Herbáceo;SEMENTES HORIZONTE LTDA;AL8817TG;ES;2;
2026-2027;Milho Produtividade 7000 Kg-Ha;GENÉTICA CAMPO FORTE LTDA;M78854MAX;MG;0;
2026-2027;Sorgo;BRASIL CULTIVARES E BIOTECNOLOGIA LTDA;SO8891PLUS;PI;1;
2026-2027;Soja;TECNOAGRO PESQUISA E DESENVOLVIMENTO LTDA;SJ8928PRO4;RR;2;
2026-2027;Milho 1ª Safra;INSTITUTO NACIONAL DE CULTIVARES MOCK;MX8965VIP3;AC;0;
2026-2027;Arroz Irrigado;CENTRO DE PESQUISA AGRÍCOLA SIMULADO;AI9002PWU;CE;1;
2026-2027;MILHO - Zea mays L. - (1° Safra);VALE VERDE SEMENTES E BIOTECNOLOGIA LTDA;ZM9039RR2;MT;2;
2026-2027;ARROZ SEQUEIRO - Oryza sativa L.;NOVA SAFRA MELHORAMENTO VEGETAL S.A.;AS9076CL;PR;0;Macrorregião 4
2026-2027;Milho 2ª Safra;COOPERATIVA EXPERIMENTAL DE SEMENTES;MS9113TG;RS;1;
2026-2027;Feijão 1ª Safra;AGRO CERRADO PESQUISA E SEMENTES LTDA;F19150MAX;SE;2;
2026-2027;MILHO - Zea mays L. - (2° Safra);SEMENTES HORIZONTE LTDA;ZS9187PLUS;AM;0;
2026-2027;Feijão 2ª Safra;GENÉTICA CAMPO FORTE LTDA;F29224PRO4;GO;1;
2026-2027;Milho 2ª Safra consorciado com Braquiária;BRASIL CULTIVARES E BIOTECNOLOGIA LTDA;MB9261VIP3;PA;2;
2026-2027;Trigo;TECNOAGRO PESQUISA E DESENVOLVIMENTO LTDA;TR9298PWU;RJ;0;
2026-2027;Milho Produtividade 3000 Kg-Ha;INSTITUTO NACIONAL DE CULTIVARES MOCK;M39335RR2;SC;1;
2026-2027;Girassol;CENTRO DE PESQUISA AGRÍCOLA SIMULADO;GI9372CL;AL;2;
2026-2027;Milho Produtividade 4000 Kg-Ha;VALE VERDE SEMENTES E BIOTECNOLOGIA LTDA;M49409TG;DF;0;
2026-2027;GIRASSOL - Helianthus annuus L.;NOVA SAFRA MELHORAMENTO VEGETAL S.A.;GH9446MAX;MS;1;
2026-2027;Milho Produtividade 5000 Kg-Ha;COOPERATIVA EXPERIMENTAL DE SEMENTES;M59483PLUS;PE;2;
2026-2027;Amendoim;AGRO CERRADO PESQUISA E SEMENTES LTDA;AM9520PRO4;RO;0;Macrorregião 1
2026-2027;Milho Produtividade 6000 Kg-Ha;SEMENTES HORIZONTE LTDA;M69557VIP3;TO;1;
2026-2027;Algodão Herbáceo;GENÉTICA CAMPO FORTE LTDA;AL9594PWU;BA;2;
2026-2027;Milho Produtividade 7000 Kg-Ha;BRASIL CULTIVARES E BIOTECNOLOGIA LTDA;M79631RR2;MA;0;
2026-2027;Sorgo;TECNOAGRO PESQUISA E DESENVOLVIMENTO LTDA;SO9668CL;PB;1;
2026-2027;Soja;INSTITUTO NACIONAL DE CULTIVARES MOCK;SJ9705TG;RN;2;
2026-2027;Milho 1ª Safra;CENTRO DE PESQUISA AGRÍCOLA SIMULADO;MX9742MAX;SP;0;
2026-2027;Arroz Irrigado;VALE VERDE SEMENTES E BIOTECNOLOGIA LTDA;AI9779PLUS;AP;1;
2026-2027;MILHO - Zea mays L. - (1° Safra);NOVA SAFRA MELHORAMENTO VEGETAL S.A.;ZM9816PRO4;ES;2;
2026-2027;ARROZ SEQUEIRO - Oryza sativa L.;COOPERATIVA EXPERIMENTAL DE SEMENTES;AS9853VIP3;MG;0;
2026-2027;Milho 2ª Safra;AGRO CERRADO PESQUISA E SEMENTES LTDA;MS9890PWU;PI;1;
2026-2027;Feijão 1ª Safra;SEMENTES HORIZONTE LTDA;F19927RR2;RR;2;
2026-2027;MILHO - Zea mays L. - (2° Safra);GENÉTICA CAMPO FORTE LTDA;ZS9964CL;AC;0;Macrorregião 3
2026-2027;Feijão 2ª Safra;BRASIL CULTIVARES E BIOTECNOLOGIA LTDA;F21001TG;CE;1;
2026-2027;Milho 2ª Safra consorciado com Braquiária;TECNOAGRO PESQUISA E DESENVOLVIMENTO LTDA;MB1038MAX;MT;2;
2026-2027;Trigo;INSTITUTO NACIONAL DE CULTIVARES MOCK;TR1075PLUS;PR;0;
2026-2027;Milho Produtividade 3000 Kg-Ha;CENTRO DE PESQUISA AGRÍCOLA SIMULADO;M31112PRO4;RS;1;
2026-2027;Girassol;VALE VERDE SEMENTES E BIOTECNOLOGIA LTDA;GI1149VIP3;SE;2;
2026-2027;Milho Produtividade 4000 Kg-Ha;NOVA SAFRA MELHORAMENTO VEGETAL S.A.;M41186PWU;AM;0;
2026-2027;GIRASSOL - Helianthus annuus L.;COOPERATIVA EXPERIMENTAL DE SEMENTES;GH1223RR2;GO;1;
2026-2027;Milho Produtividade 5000 Kg-Ha;AGRO CERRADO PESQUISA E SEMENTES LTDA;M51260CL;PA;2;
2026-2027;Amendoim;SEMENTES HORIZONTE LTDA;AM1297TG;RJ;0;
2026-2027;Milho Produtividade 6000 Kg-Ha;GENÉTICA CAMPO FORTE LTDA;M61334MAX;SC;1;
2026-2027;Algodão Herbáceo;BRASIL CULTIVARES E BIOTECNOLOGIA LTDA;AL1371PLUS;AL;2;
2026-2027;Milho Produtividade 7000 Kg-Ha;TECNOAGRO PESQUISA E DESENVOLVIMENTO LTDA;M71408PRO4;DF;0;Macrorregião 5
2026-2027;Sorgo;INSTITUTO NACIONAL DE CULTIVARES MOCK;SO1445VIP3;MS;1;
2026-2027;Soja;CENTRO DE PESQUISA AGRÍCOLA SIMULADO;SJ1482PWU;PE;2;
2026-2027;Milho 1ª Safra;VALE VERDE SEMENTES E BIOTECNOLOGIA LTDA;MX1519RR2;RO;0;
2026-2027;Arroz Irrigado;NOVA SAFRA MELHORAMENTO VEGETAL S.A.;AI1556CL;TO;1;
2026-2027;MILHO - Zea mays L. - (1° Safra);COOPERATIVA EXPERIMENTAL DE SEMENTES;ZM1593TG;BA;2;
2026-2027;ARROZ SEQUEIRO - Oryza sativa L.;AGRO CERRADO PESQUISA E SEMENTES LTDA;AS1630MAX;MA;0;
2026-2027;Milho 2ª Safra;SEMENTES HORIZONTE LTDA;MS1667PLUS;PB;1;
2026-2027;Feijão 1ª Safra;GENÉTICA CAMPO FORTE LTDA;F11704PRO4;RN;2;
2026-2027;MILHO - Zea mays L. - (2° Safra);BRASIL CULTIVARES E BIOTECNOLOGIA LTDA;ZS1741VIP3;SP;0;
2026-2027;Feijão 2ª Safra;TECNOAGRO PESQUISA E DESENVOLVIMENTO LTDA;F21778PWU;AP;1;
2026-2027;Milho 2ª Safra consorciado com Braquiária;INSTITUTO NACIONAL DE CULTIVARES MOCK;MB1815RR2;ES;2;
2026-2027;Trigo;CENTRO DE PESQUISA AGRÍCOLA SIMULADO;TR1852CL;MG;0;Macrorregião 2
2026-2027;Milho Produtividade 3000 Kg-Ha;VALE VERDE SEMENTES E BIOTECNOLOGIA LTDA;M31889TG;PI;1;
2026-2027;Girassol;NOVA SAFRA MELHORAMENTO VEGETAL S.A.;GI1926MAX;RR;2;
2026-2027;Milho Produtividade 4000 Kg-Ha;COOPERATIVA EXPERIMENTAL DE SEMENTES;M41963PLUS;AC;0;
