REGIAO:;CO
UF:;DF
ESTACAO:;ESTACAO METEOROLOGICA MOCK MVP
CODIGO (WMO):;A999
LATITUDE:;-15,78000000
LONGITUDE:;-47,93000000
ALTITUDE:;1160,00
DATA DE FUNDACAO:;01/01/26
Data;Hora UTC;PRECIPITAÇÃO TOTAL, HORÁRIO (mm);PRESSAO ATMOSFERICA AO NIVEL DA ESTACAO, HORARIA (mB);PRESSÃO ATMOSFERICA MAX.NA HORA ANT. (AUT) (mB);PRESSÃO ATMOSFERICA MIN. NA HORA ANT. (AUT) (mB);RADIACAO GLOBAL (Kj/m²);TEMPERATURA DO AR - BULBO SECO, HORARIA (°C);TEMPERATURA DO PONTO DE ORVALHO (°C);TEMPERATURA MÁXIMA NA HORA ANT. (AUT) (°C);TEMPERATURA MÍNIMA NA HORA ANT. (AUT) (°C);TEMPERATURA ORVALHO MAX. NA HORA ANT. (AUT) (°C);TEMPERATURA ORVALHO MIN. NA HORA ANT. (AUT) (°C);UMIDADE REL. MAX. NA HORA ANT. (AUT) (%);UMIDADE REL. MIN. NA HORA ANT. (AUT) (%);UMIDADE RELATIVA DO AR, HORARIA (%);VENTO, DIREÇÃO HORARIA (gr) (° (gr));VENTO, RAJADA MAXIMA (m/s);VENTO, VELOCIDADE HORARIA (m/s);
2026/01/01;0000 UTC;0;888,7;888,8;888,5;;17,7;16,5;18,0;17,4;16,9;16,1;99;90;94;234;5,5;1,1;
2026/01/01;0100 UTC;0;888,9;889,1;888,4;;17,3;16,9;18,1;16,5;17,3;16,8;100;96;98;234;2,2;0,5;
2026/01/01;0200 UTC;0;888,7;888,8;888,3;;17,2;16,5;18,1;16,8;16,8;16,3;99;90;96;243;7,0;2,7;
2026/01/01;0300 UTC;0;888,1;888,7;887,6;;18,3;16,6;18,6;17,3;16,9;16,4;97;85;91;257;6,6;1,9;
2026/01/01;0400 UTC;0;887,2;887,4;886,8;;19,7;18,0;20,7;19,5;18,6;17,5;96;87;91;267;7,9;3,3;
2026/01/01;0500 UTC;0;886,6;886,8;886,1;;21,2;17,6;22,3;20,5;17,9;17,0;84;80;82;193;5,5;4,7;
2026/01/01;0600 UTC;0;885,5;885,7;885,2;0,0;21,5;16,6;22,6;20,9;17,1;16,0;81;70;75;300;7,3;5,0;
2026/01/01;0700 UTC;0;885,6;886,1;885,1;647,7;23,3;17,1;24,0;22,7;17,4;16,5;72;64;69;270;7,0;4,8;
2026/01/01;0800 UTC;0;885,5;886,1;885,3;1129,8;25,0;18,8;25,6;24,7;19,0;18,5;71;64;69;335;7,4;4,0;
2026/01/01;0900 UTC;0;886,5;886,6;886,1;1880,4;26,8;19,1;27,8;26,4;19,6;18,5;66;55;61;250;3,2;2,2;
2026/01/01;1000 UTC;0;887,0;887,1;886,9;2339,6;28,1;19,9;29,0;27,7;20,3;19,5;60;58;59;313;5,2;1,8;
2026/01/01;1100 UTC;0;888,1;888,5;887,7;2010,8;27,8;17,7;28,2;27,2;18,4;17,0;55;46;49;325;7,1;2,7;
2026/01/01;1200 UTC;0;888,7;889,2;888,3;2622,2;29,2;18,6;30,1;28,6;19,1;18,3;53;43;47;338;5,1;0,8;
2026/01/01;1300 UTC;0;888,9;889,2;888,3;1740,0;29,3;19,7;30,2;29,0;19,8;19,0;56;45;52;7;2,8;1,1;
2026/01/01;1400 UTC;0;888,8;889,1;888,2;1729,1;28,4;17,8;29,3;27,6;18,0;17,5;48;41;47;309;7,6;3,3;
2026/01/01;1500 UTC;0;888,1;888,7;888,0;1952,0;28,0;18,9;28,2;27,3;19,3;18,2;61;49;55;50;3,6;1,5;
2026/01/01;1600 UTC;17,4;887,0;887,4;886,5;508,1;24,7;18,9;25,2;24,1;19,1;18,7;77;69;71;339;5,5;2,3;
2026/01/01;1700 UTC;0;886,4;886,9;886,1;631,5;26,6;19,1;26,9;25,6;19,2;18,6;64;57;62;95;4,4;1,9;
2026/01/01;1800 UTC;0;885,8;886,1;885,7;0,0;24,4;18,2;25,1;23,6;18,5;17,6;73;62;69;357;8,6;4,4;
2026/01/01;1900 UTC;0;885,5;885,8;884,9;;23,7;18,3;24,2;22,7;18,8;18,0;75;71;73;69;5,1;2,5;
2026/01/01;2000 UTC;0;885,7;885,8;885,4;;21,9;17,4;22,4;21,5;17,6;17,2;83;74;78;57;4,0;3,0;
2026/01/01;2100 UTC;0;886,1;886,7;885,7;;20,4;16,5;20,9;20,1;17,0;16,4;87;74;81;137;6,4;2,9;
2026/01/01;2200 UTC;0;887,3;887,6;887,1;;18,9;16,1;19,4;18,3;16,4;15,4;88;79;86;45;3,0;0,7;
2026/01/01;2300 UTC;0;888,0;888,5;887,4;;17,9;17,1;18,8;16,8;17,7;16,8;98;92;96;134;6,6;4,1;
2026/01/02;0000 UTC;0;889,6;890,2;889,4;;19,1;17,0;19,9;18,5;17,4;16,5;96;83;89;227;3,6;1,3;
2026/01/02;0100 UTC;0;889,5;890,0;889,0;;18,2;17,4;18,5;18,0;17,6;17,0;100;92;96;221;7,2;4,2;
2026/01/02;0200 UTC;0;889,3;889,7;888,7;;19,1;17,2;20,0;18,5;17,6;17,1;97;87;90;158;7,4;4,1;
2026/01/02;0300 UTC;0;888,8;889,1;888,3;;18,9;17,5;19,9;17,9;18,2;17,3;95;89;93;267;3,1;1,6;
2026/01/02;0400 UTC;0;887,9;888,1;887,3;;20,3;17,2;20,9;19,8;17,6;16,9;86;79;85;223;6,4;4,5;
2026/01/02;0500 UTC;0;887,3;887,8;887,2;;21,1;18,0;22,0;20,3;18,4;17,5;86;78;85;230;6,1;3,8;
2026/01/02;0600 UTC;0;886,3;886,6;885,7;0,0;23,2;18,8;24,3;22,3;19,2;18,2;84;76;78;307;8,6;4,5;
2026/01/02;0700 UTC;0;886,4;886,7;886,0;663,4;24,4;18,3;25,2;23,6;18,8;18,0;71;66;70;277;4,3;3,8;
2026/01/02;0800 UTC;0;886,3;886,5;886,1;1050,6;25,6;18,4;26,5;24,9;18,7;17,9;65;58;64;307;2,9;2,4;
2026/01/02;0900 UTC;0;887,1;887,5;886,6;1443,0;28,0;19,7;28,9;27,4;20,3;19,0;63;55;58;243;5,4;3,1;
2026/01/02;1000 UTC;0;887,8;888,1;887,3;1763,5;28,9;19,0;29,4;28,3;19,4;18,6;57;46;50;307;4,5;3,1;
2026/01/02;1100 UTC;0;888,9;889,1;888,3;2400,6;28,8;17,9;29,3;27,8;18,1;17,7;47;40;45;21;7,2;3,2;
2026/01/02;1200 UTC;0;889,6;890,2;889,4;2719,6;30,3;19,2;31,2;29,4;19,3;19,0;49;43;44;1;5,2;3,8;
2026/01/02;1300 UTC;0;889,7;889,9;889,4;2296,6;30,2;18,8;31,0;29,3;19,0;18,4;44;36;43;37;3,7;3,1;
2026/01/02;1400 UTC;0;889,3;889,6;888,8;1653,7;29,7;19,6;29,9;29,2;19,8;19,3;52;45;49;341;6,4;4,6;
2026/01/02;1500 UTC;0;888,6;888,8;888,1;1751,0;29,7;18,5;30,0;29,3;19,2;18,0;50;43;44;24;3,7;0,8;
2026/01/02;1600 UTC;0;888,2;888,5;888,0;1246,5;28,2;19,3;28,6;28,0;19,9;18,9;58;51;56;87;8,9;5,1;
2026/01/02;1700 UTC;5,5;887,1;887,3;886,9;154,1;25,2;19,6;25,8;24,5;20,3;19,3;78;67;72;357;9,7;5,1;
2026/01/02;1800 UTC;0;886,6;886,9;886,2;0,0;26,5;18,3;26,8;25,9;18,7;17,9;66;54;59;359;4,7;3,7;
2026/01/02;1900 UTC;0;886,4;886,7;885,9;;24,5;17,6;25,0;23,8;17,7;16,9;70;63;65;123;7,4;2,9;
2026/01/02;2000 UTC;0;886,5;886,7;886,1;;23,6;19,3;24,1;23,1;19,7;18,7;83;75;79;34;5,2;1,2;
2026/01/02;2100 UTC;0;887,1;887,2;886,7;;21,5;17,6;22,2;20,5;18,2;17,5;86;76;80;129;7,4;4,6;
2026/01/02;2200 UTC;0;887,8;887,9;887,3;;20,9;18,3;21,2;20,2;18,7;17,8;93;82;87;135;4,9;4,4;
2026/01/02;2300 UTC;0;888,9;889,1;888,6;;19,1;17,8;20,0;18,5;18,3;17,5;97;87;93;148;1,9;0,6;
2026/01/03;0000 UTC;0;889,8;890,3;889,6;;19,2;16,6;19,7;18,8;16,9;16,0;89;85;87;217;7,1;3,7;
2026/01/03;0100 UTC;0;889,9;890,1;889,5;;19,0;17,0;19,8;18,4;17,3;16,3;97;89;90;190;4,5;1,0;
2026/01/03;0200 UTC;0;889,8;890,3;889,4;;19,6;17,7;20,7;18,8;18,2;17,0;97;86;90;229;4,6;2,9;
2026/01/03;0300 UTC;0;889,3;889,6;888,9;;20,4;18,2;20,8;19,4;18,4;17,6;92;83;89;253;3,1;1,7;
2026/01/03;0400 UTC;0;888,2;888,4;887,9;;21,4;18,6;22,3;21,0;18,8;18,3;92;81;86;280;5,9;2,7;
2026/01/03;0500 UTC;0;887,6;887,8;887,3;;21,6;17,5;22,4;20,7;18,1;16,9;82;75;79;196;7,4;3,0;
2026/01/03;0600 UTC;0;886,6;887,2;886,2;0,0;22,9;17,9;23,7;22,4;18,5;17,3;81;71;75;316;5,1;3,7;
2026/01/03;0700 UTC;0;886,5;886,6;885,9;601,3;25,3;18,7;25,9;24,6;18,8;18,5;70;65;67;226;2,5;0,6;
2026/01/03;0800 UTC;0;887,0;887,5;886,7;1394,9;26,6;18,8;26,8;25,9;19,1;18,4;64;56;61;312;2,2;1,4;
2026/01/03;0900 UTC;0;887,6;887,9;887,2;1428,3;28,2;18,9;29,1;27,5;19,5;18,3;60;48;53;257;2,4;0,4;
2026/01/03;1000 UTC;0;888,1;888,5;887,8;1820,6;28,7;18,2;29,1;27,7;18,5;17,8;49;45;47;356;5,8;3,1;
2026/01/03;1100 UTC;0;889,1;889,2;888,6;2472,9;30,6;19,4;31,2;29,6;19,9;18,8;49;40;44;321;3,5;1,6;
2026/01/03;1200 UTC;0;889,9;890,5;889,4;1882,0;30,1;18,3;30,5;29,5;18,5;17,7;45;37;41;331;8,0;5,1;
2026/01/03;1300 UTC;0;889,9;890,0;889,4;1812,1;30,3;18,2;30,7;29,6;18,7;18,0;43;33;39;29;8,3;4,6;
2026/01/03;1400 UTC;0;889,8;890,3;889,5;1608,7;30,6;19,5;31,1;30,1;19,7;19,1;51;41;44;19;7,2;4,9;
2026/01/03;1500 UTC;0;889,1;889,6;888,9;1261,4;29,4;18,4;30,0;28,7;18,6;18,2;47;42;45;20;5,3;2,3;
2026/01/03;1600 UTC;0;888,1;888,6;887,5;1360,5;28,6;19,2;29,5;27,6;19,3;18,9;60;50;53;10;5,9;3,1;
2026/01/03;1700 UTC;0;887,5;887,9;887,1;495,1;27,3;18,7;28,1;26,6;18,9;18,3;58;55;57;90;5,3;2,2;
2026/01/03;1800 UTC;2,3;886,7;887,0;886,3;0,0;21,8;16,7;22,2;20,8;17,0;16,6;78;68;74;113;6,6;3,5;
2026/01/03;1900 UTC;0;886,7;887,2;886,4;;24,6;18,3;25,3;23,8;18,4;17,9;70;62;68;36;5,5;4,1;
2026/01/03;2000 UTC;0;886,8;887,1;886,6;;23,3;17,6;23,5;22,9;17,9;17,5;77;65;71;114;8,2;5,0;
2026/01/03;2100 UTC;0;887,2;887,7;886,6;;21,7;16,8;22,1;20,6;17,3;16,3;82;70;75;116;1,6;0,7;
2026/01/03;2200 UTC;0;888,2;888,6;887,6;;20,7;16,9;21,6;20,5;17,2;16,7;83;80;81;150;6,5;4,9;
2026/01/03;2300 UTC;0;889,3;889,5;889,1;;20,0;17,3;20,8;19,6;17,8;16,9;90;83;87;110;3,3;1,5;
2026/01/04;0000 UTC;0;889,6;890,0;889,1;;19,3;16,9;19,6;18,8;17,0;16,3;94;82;88;146;5,7;1,6;
2026/01/04;0100 UTC;0;889,6;889,9;889,5;;18,3;16,6;19,2;17,9;16,9;16,0;95;87;91;151;4,5;3,0;
2026/01/04;0200 UTC;0;889,8;890,2;889,4;;19,5;17,3;19,9;19,1;17,6;16,7;95;88;89;271;6,8;3,4;
2026/01/04;0300 UTC;0;889,1;889,6;888,5;;19,1;17,6;19,9;18,8;17,8;17,0;94;90;92;225;5,9;2,2;
2026/01/04;0400 UTC;0;888,3;888,9;887,8;;20,7;17,8;21,1;20,3;18,1;17,6;90;83;86;205;3,7;2,2;
2026/01/04;0500 UTC;0;887,4;888,0;887,1;;21,6;17,4;22,1;21,3;18,1;17,1;82;72;79;255;8,1;3,8;
2026/01/04;0600 UTC;0;886,6;887,0;886,1;0,0;23,5;19,1;24,2;23,1;19,3;19,0;81;77;78;319;4,6;1,1;
2026/01/04;0700 UTC;0;886,5;887,0;885,9;552,0;24,8;19,2;25,1;24,6;19,7;18,6;78;69;72;320;4,2;3,0;
2026/01/04;0800 UTC;0;886,5;886,9;886,1;922,8;26,3;19,0;26,6;25,4;19,3;18,4;69;58;63;348;6,0;3,8;
2026/01/04;0900 UTC;0;887,2;887,4;886,9;1695,6;26,9;18,1;27,7;26,5;18,5;18,0;58;50;56;12;7,6;3,6;
2026/01/04;1000 UTC;0;888,2;888,3;888,0;1644,3;29,0;18,9;29,3;28,0;19,5;18,8;55;45;50;13;4,6;2,9;
2026/01/04;1100 UTC;0;888,7;888,9;888,3;2024,9;29,3;19,1;30,3;28,6;19,4;18,8;56;47;49;321;6,0;5,1;
2026/01/04;1200 UTC;0;889,8;890,2;889,6;1974,0;30,8;19,4;31,2;30,4;19,6;19,1;45;42;43;312;5,1;4,1;
2026/01/04;1300 UTC;0;889,8;890,3;889,7;1940,1;30,3;19,4;30,8;29,5;20,1;18,8;49;41;46;59;1,8;0,8;
2026/01/04;1400 UTC;0;889,6;890,0;889,2;1742,5;30,2;18,6;30,5;29,2;19,0;18,1;46;38;42;42;8,2;4,7;
2026/01/04;1500 UTC;0;888,8;889,0;888,6;1423,4;29,4;18,2;29,8;28,8;18,8;17,8;46;40;44;77;6,0;2,0;
2026/01/04;1600 UTC;0;888,0;888,2;887,4;1381,0;29,0;18,6;29,2;28,3;18,8;18,5;54;43;48;59;4,4;0,3;
2026/01/04;1700 UTC;0;887,3;887,8;886,9;580,0;27,9;18,6;28,5;27,3;19,0;18,0;55;51;54;36;5,4;0,9;
2026/01/04;1800 UTC;0;886,6;886,9;886,0;0,0;25,7;18,2;26,3;24,8;18,5;17,9;69;56;63;85;7,2;3,2;
2026/01/04;1900 UTC;0;886,2;886,7;886,0;;24,4;18,4;25,0;24,2;18,7;18,1;77;65;70;52;1,4;0,7;
2026/01/04;2000 UTC;0;886,9;887,2;886,4;;23,3;18,5;24,2;22,5;19,1;18,4;82;71;76;125;7,1;2,8;
2026/01/04;2100 UTC;0;887,3;887,5;886,8;;22,4;18,7;22,9;21,4;19,2;18,4;86;75;81;95;4,2;1,5;
2026/01/04;2200 UTC;18,5;887,8;888,4;887,7;;16,6;16,4;17,4;16,3;16,6;15,9;100;98;99;144;7,1;6,3;
2026/01/04;2300 UTC;0;888,9;889,2;888,8;;20,2;18,4;20,6;19,9;18,9;17,7;97;87;91;107;5,1;2,6;
2026/01/05;0000 UTC;0;889,1;889,5;888,7;;18,0;17,0;18,9;17,0;17,5;16,7;97;94;95;165;9,7;5,1;
2026/01/05;0100 UTC;0;889,1;889,5;888,6;;17,5;16,6;18,1;16,8;17,0;16,0;98;93;95;247;6,7;4,3;
2026/01/05;0200 UTC;0;888,8;889,4;888,3;;17,6;16,6;18,4;17,2;16,8;16,5;98;91;95;218;7,3;3,3;
2026/01/05;0300 UTC;0;888,0;888,5;887,8;;18,3;16,4;18,9;17,3;16,7;16,2;92;88;91;236;7,0;5,1;
2026/01/05;0400 UTC;0;887,2;887,4;886,8;;19,9;16,8;20,1;19,4;17,2;16,3;87;81;84;253;3,8;1,8;
2026/01/05;0500 UTC;0;886,4;886,6;885,8;;20,6;17,9;21,3;20,1;18,3;17,6;93;81;86;258;5,1;3,4;
2026/01/05;0600 UTC;0;886,0;886,4;885,4;0,0;21,9;17,0;22,3;21,2;17,3;16,3;81;74;75;258;4,0;1,1;
2026/01/05;0700 UTC;0;885,5;885,9;885,1;668,6;24,2;17,7;25,1;23,3;17,9;17,4;70;61;67;283;5,6;4,0;
2026/01/05;0800 UTC;0;886,0;886,5;885,7;906,4;24,8;18,1;25,8;24,3;18,2;17,7;72;63;66;270;7,8;4,3;
2026/01/05;0900 UTC;0;886,7;887,0;886,3;1314,5;26,1;18,4;26,9;25,3;18,8;17,9;63;60;61;346;1,8;0,4;
2026/01/05;1000 UTC;0;887,2;887,5;886,9;1931,8;28,1;18,5;29,0;27,1;19,1;18,0;57;46;52;356;4,6;2,7;
2026/01/05;1100 UTC;0;888,4;888,9;888,3;1959,9;29,0;18,4;29,5;28,6;18,9;18,0;49;45;47;342;6,9;3,6;
2026/01/05;1200 UTC;0;888,8;889,3;888,6;2518,5;28,7;18,9;29,2;27,9;19,4;18,2;57;49;51;35;5,3;0,6;
2026/01/05;1300 UTC;0;889,1;889,2;888,5;2447,4;28,9;18,8;29,6;28,6;19,1;18,4;51;48;49;40;6,2;2,1;
2026/01/05;1400 UTC;0;889,1;889,4;888,5;2275,7;28,9;17,8;29,3;28,4;18,0;17,1;46;39;44;45;4,4;3,3;
2026/01/05;1500 UTC;6,1;888,4;889,0;888,3;437,4;24,9;19,0;25,4;24,3;19,2;18,8;76;66;70;6;6,7;4,3;
2026/01/05;1600 UTC;0;887,5;888,0;887,1;987,9;27,3;17,8;28,0;26,9;18,0;17,4;55;48;52;89;9,0;4,6;
2026/01/05;1700 UTC;0;886,6;886,7;886,3;666,7;26,8;19,1;27,7;25,8;19,4;18,7;66;56;61;44;8,6;4,1;
2026/01/05;1800 UTC;0;886,1;886,4;885,9;0,0;25,7;18,0;26,8;25,1;18,3;17,7;64;57;61;54;3,8;1,3;
2026/01/05;1900 UTC;0;885,8;886,1;885,3;;24,1;18,3;25,0;23,0;18,5;17,7;76;65;71;73;4,2;2,3;
2026/01/05;2000 UTC;0;886,1;886,4;885,8;;21,8;16,5;22,3;20,9;17,0;15,9;78;67;73;160;2,8;1,3;
2026/01/05;2100 UTC;0;886,6;887,1;886,1;;21,3;17,9;22,3;20,2;18,1;17,4;87;79;83;98;5,4;1,7;
2026/01/05;2200 UTC;0;887,2;887,6;886,9;;20,0;17,6;20,2;18,9;18,0;17,2;94;85;88;94;6,0;2,9;
2026/01/05;2300 UTC;0;888,3;888,6;887,9;;18,3;17,0;18,9;18,0;17,4;16,7;100;89;94;133;5,3;3,4;
2026/01/06;0000 UTC;0;888,1;888,3;887,6;;17,1;16,0;17,8;16,8;16,2;15,9;100;93;94;260;6,1;3,7;
2026/01/06;0100 UTC;0;888,3;888,9;887,7;;16,1;15,7;16,5;15,5;16,3;15,6;99;92;98;231;7,3;4,5;
2026/01/06;0200 UTC;0;888,1;888,4;887,7;;17,1;16,6;18,1;16,2;16,8;16,2;100;91;97;247;1,6;0,8;
2026/01/06;0300 UTC;0;887,7;888,3;887,5;;18,2;16,7;19,1;17,5;17,1;16,5;100;91;93;308;4,4;3,3;
2026/01/06;0400 UTC;0;886,5;886,6;886,0;;18,3;15,9;18,9;17,6;16,3;15,2;91;87;88;240;7,8;4,5;
2026/01/06;0500 UTC;0;886,0;886,2;885,5;;19,9;17,2;20,6;19,2;17,8;17,1;92;83;87;231;3,4;0,3;
2026/01/06;0600 UTC;0;885,1;885,3;884,9;0,0;20,7;17,4;20,9;19,7;17,7;16,9;85;78;84;236;3,3;0,4;
2026/01/06;0700 UTC;0;884,8;885,1;884,7;696,3;22,8;18,4;23,8;21,9;18,9;18,0;83;76;78;249;6,2;4,8;
2026/01/06;0800 UTC;0;885,0;885,4;884,9;1139,7;23,7;17,6;24,7;22,8;18,1;17,0;71;65;70;313;6,1;1,6;
2026/01/06;0900 UTC;0;885,6;886,2;885,3;1435,1;25,3;17,3;25,7;24,8;18,0;16,7;66;58;60;271;6,2;3,2;
2026/01/06;1000 UTC;0;886,6;886,9;886,2;1843,9;27,1;19,3;27,5;26,1;19,9;19,1;67;58;61;324;2,6;2,0;
2026/01/06;1100 UTC;0;887,3;887,8;887,2;2028,5;27,0;18,0;27,4;26,8;18,6;17,5;58;53;55;53;6,9;4,4;
2026/01/06;1200 UTC;0;887,9;888,0;887,5;2690,7;28,4;18,6;28,8;27,5;18,9;18,1;52;48;51;321;5,3;3,9;
2026/01/06;1300 UTC;0;888,3;888,4;888,0;2097,3;28,1;17,6;29,0;27,1;17,9;17,2;51;45;47;320;5,5;2,9;
2026/01/06;1400 UTC;0;888,3;888,5;887,9;1573,8;28,7;19,0;29,2;28,0;19,4;18,6;55;49;52;20;2,7;1,8;
2026/01/06;1500 UTC;0;887,5;887,9;887,0;1821,6;27,7;17,7;28,6;27,4;17,9;17,1;55;46;50;86;6,1;5,0;
2026/01/06;1600 UTC;24,1;886,6;886,9;886,2;488,0;22,7;17,7;23,4;21,9;18,0;17,5;76;68;75;12;5,9;4,5;
2026/01/06;1700 UTC;0;885,6;886,1;885,1;511,8;25,2;18,1;26,0;24,3;18,3;17,9;68;59;65;47;3,4;2,5;
2026/01/06;1800 UTC;0;885,2;885,7;884,8;0,0;23,4;16,6;24,2;22,8;16,8;16,2;73;64;66;110;5,0;1,8;
2026/01/06;1900 UTC;0;885,1;885,3;885,0;;22,5;18,1;23,3;21,8;18,5;17,6;79;72;78;112;5,7;3,8;
2026/01/06;2000 UTC;0;885,3;885,9;885,0;;21,1;16,5;21,8;20,3;16,7;16,3;83;71;77;112;7,4;4,6;
2026/01/06;2100 UTC;0;885,7;886,0;885,4;;19,7;16,4;19,9;19,3;17,0;15,7;86;77;83;107;3,5;1,8;
2026/01/06;2200 UTC;0;886,6;886,9;886,0;;18,4;17,2;18,7;17,4;17,8;16,7;96;89;94;79;7,0;4,1;
2026/01/06;2300 UTC;0;887,4;887,6;887,1;;18,2;17,1;19,0;17,2;17,3;16,7;100;88;94;111;3,9;3,3;
2026/01/07;0000 UTC;0;887,7;887,8;887,4;;16,3;15,9;16,8;15,4;16,4;15,4;100;96;98;240;5,4;1,8;
2026/01/07;0100 UTC;0;887,6;888,0;887,4;;15,5;15,0;15,9;14,6;15,2;14,4;99;95;98;242;5,4;3,9;
2026/01/07;0200 UTC;0;887,4;887,5;886,9;;17,0;16,6;17,4;15,9;17,2;16,4;100;93;98;287;1,9;0,8;
2026/01/07;0300 UTC;0;887,2;887,8;886,9;;16,9;16,4;17,6;16,2;16,7;15,9;100;93;98;275;4,1;2,0;
2026/01/07;0400 UTC;0;886,0;886,2;885,9;;17,6;16,3;18,2;16,7;16,5;16,0;97;92;93;243;2,0;0,5;
2026/01/07;0500 UTC;0;885,2;885,4;884,7;;19,4;17,9;19,8;18,7;18,5;17,6;98;89;93;321;2,4;0,4;
2026/01/07;0600 UTC;0;884,8;885,3;884,5;0,0;20,6;17,4;21,7;19,8;17,6;16,7;88;79;84;350;5,3;2,4;
2026/01/07;0700 UTC;0;884,6;885,1;884,2;551,9;22,4;17,7;22,6;21,3;18,0;17,3;81;75;77;279;6,5;4,0;
2026/01/07;0800 UTC;0;884,5;885,1;884,1;1055,7;23,4;17,2;23,7;22,4;17,5;16,9;72;63;69;297;7,4;3,7;
2026/01/07;0900 UTC;0;885,5;885,7;885,0;1508,6;24,3;17,4;25,2;23,9;17,7;17,2;71;59;66;349;3,8;1,4;
2026/01/07;1000 UTC;0;886,3;886,7;885,9;1637,8;26,0;17,3;27,0;25,2;17,5;16,7;60;53;57;329;5,5;2,1;
2026/01/07;1100 UTC;0;887,1;887,6;886,7;2164,8;26,9;18,8;27,8;26,6;19,0;18,4;62;58;60;46;4,4;2,3;
2026/01/07;1200 UTC;0;887,5;888,0;887,1;2248,5;27,8;18,4;28,5;27,3;18,9;18,0;57;49;53;65;3,5;2,4;
2026/01/07;1300 UTC;0;887,7;888,3;887,3;2504,4;27,4;17,6;28,4;26,8;17,8;17,3;54;49;51;80;3,4;0,5;
2026/01/07;1400 UTC;0;887,4;887,8;886,9;2118,8;27,1;18,2;27,5;26,4;18,8;17,6;62;51;56;31;7,9;3,5;
2026/01/07;1500 UTC;0;887,2;887,3;886,7;1719,5;26,4;17,5;26,9;25,7;18,1;17,3;58;50;55;68;4,5;2,1;
2026/01/07;1600 UTC;18,0;886,1;886,4;885,8;480,9;23,3;18,4;24,0;22,4;18,8;17,8;79;68;75;105;8,0;5,5;
2026/01/07;1700 UTC;0;885,3;885,5;885,2;523,9;24,9;18,0;25,4;23,9;18,5;17,7;72;60;65;20;4,9;3,6;
2026/01/07;1800 UTC;0;884,6;884,9;884,2;0,0;24,0;17,6;24,8;23,1;17,8;17,0;75;67;68;56;1,4;0,9;
2026/01/07;1900 UTC;0;884,4;885,0;884,0;;22,3;18,3;22,6;21,8;18,9;17,9;85;74;80;62;1,3;0,8;
2026/01/07;2000 UTC;3,2;884,9;885,1;884,4;;16,1;15,9;16,3;15,6;16,0;15,4;100;97;99;79;4,8;1,7;
2026/01/07;2100 UTC;0;885,2;885,4;885,1;;18,8;17,1;19,4;17,8;17,3;16,5;98;90;92;157;5,4;4,8;
2026/01/07;2200 UTC;5,4;886,1;886,3;885,7;;13,6;13,4;14,3;13,3;14,0;12,9;100;92;99;200;5,8;2,4;
2026/01/07;2300 UTC;0;887,2;887,7;886,9;;17,3;16,9;18,2;16,7;17,4;16,2;100;91;98;212;7,3;3,4;
2026/01/08;0000 UTC;0;887,7;887,9;887,5;;16,3;15,9;17,2;15,8;16,2;15,4;100;95;98;172;8,1;5,1;
2026/01/08;0100 UTC;0;888,0;888,4;887,4;;16,4;16,0;17,4;16,0;16,6;15,9;100;95;98;275;6,7;3,3;
2026/01/08;0200 UTC;0;887,9;888,0;887,4;;16,6;16,1;17,6;15,6;16,5;15,5;100;93;97;213;2,5;0,7;
2026/01/08;0300 UTC;0;886,8;887,1;886,6;;16,8;16,4;17,1;16,3;16,9;15,7;100;96;98;247;3,8;1,1;
2026/01/08;0400 UTC;0;886,0;886,3;885,7;;18,4;16,9;18,9;17,8;17,2;16,7;96;90;93;287;5,4;3,0;
2026/01/08;0500 UTC;0;885,4;885,8;885,2;;19,3;17,2;20,2;18,8;17,5;17,1;93;86;89;311;9,4;4,8;
2026/01/08;0600 UTC;0;884,7;885,3;884,2;0,0;20,4;16,8;20,8;19,4;17,0;16,7;83;76;82;253;1,8;0,9;
2026/01/08;0700 UTC;0;884,4;884,6;883,9;527,5;21,8;17,7;22,4;21,4;18,2;17,2;81;73;79;273;5,1;2,2;
2026/01/08;0800 UTC;0;885,0;885,1;884,4;1271,2;23,4;16,8;23,9;22,8;17,4;16,6;69;64;67;24;3,6;0,6;
2026/01/08;0900 UTC;0;885,3;885,4;884,7;1930,3;24,3;17,1;24,8;23,4;17,3;17,0;66;57;64;325;7,0;2,4;
2026/01/08;1000 UTC;0;886,2;886,5;886,0;1597,4;25,9;17,1;26,8;25,4;17,3;16,5;62;53;56;334;4,9;1,6;
2026/01/08;1100 UTC;0;886,9;887,1;886,3;2665,8;26,9;17,6;27,6;26,0;17,9;17,2;55;49;53;1;3,3;0,7;
2026/01/08;1200 UTC;0;887,8;888,3;887,5;2136,4;27,7;19,0;28,6;26,9;19,6;18,4;60;51;57;333;1,6;1,0;
2026/01/08;1300 UTC;0;887,7;887,9;887,4;2516,4;28,2;19,2;28,5;27,6;19,7;18,7;61;52;55;72;9,4;4,8;
2026/01/08;1400 UTC;0;887,8;888,3;887,6;1959,1;27,2;18,5;27,7;26,9;19,0;18,2;57;54;56;44;5,2;1,3;
2026/01/08;1500 UTC;0;887,1;887,5;886,5;1959,1;27,1;18,6;28,1;26,3;18,9;18,0;64;51;58;101;4,0;1,4;
2026/01/08;1600 UTC;0;886,0;886,3;885,8;1038,3;25,5;17,8;26,6;25,3;18,4;17,7;67;57;62;44;7,3;3,4;
2026/01/08;1700 UTC;0;885,4;885,9;884,9;467,2;24,4;16,7;25,3;23,4;17,0;16,4;66;60;61;52;8,1;3,6;
2026/01/08;1800 UTC;23,8;884,7;885,3;884,2;0,0;20,5;18,1;21,2;20,1;18,5;17,9;90;82;88;124;7,8;4,6;
2026/01/08;1900 UTC;0;884,4;884,6;884,0;;22,2;17,3;22,9;21,6;17,8;16,7;79;75;76;53;7,1;3,1;
2026/01/08;2000 UTC;0;884,9;885,5;884,6;;21,1;17,3;22,1;20,3;17,5;17,0;85;78;81;169;6,6;3,3;
2026/01/08;2100 UTC;2,7;885,3;885,5;884,8;;17,3;17,1;17,9;16,4;17,3;16,9;100;95;99;95;5,6;4,0;
2026/01/08;2200 UTC;0;886,1;886,6;885,6;;18,3;16,2;18,9;18,0;16,5;15,8;91;84;90;174;2,6;1,5;
2026/01/08;2300 UTC;0;887,1;887,4;886,8;;17,1;16,2;18,0;16,3;16,9;15,7;97;91;96;110;6,2;3,7;
2026/01/09;0000 UTC;0;888,1;888,5;887,9;;17,9;16,9;18,5;16,9;17,4;16,2;98;92;95;276;3,7;1,7;
2026/01/09;0100 UTC;0;888,4;888,9;888,3;;17,7;17,3;18,4;16,7;17,8;17,1;100;94;98;208;5,9;2,0;
2026/01/09;0200 UTC;0;888,1;888,4;887,9;;16,6;16,2;17,5;16,4;16,9;15,7;100;94;98;304;6,0;3,8;
2026/01/09;0300 UTC;0;887,5;887,9;886,9;;17,1;15,6;17,9;16,4;16,0;15,0;96;90;92;233;3,9;1,1;
2026/01/09;0400 UTC;0;886,9;887,3;886,6;;18,4;16,8;19,0;18,1;17,0;16,1;96;87;92;264;7,6;3,9;
2026/01/09;0500 UTC;0;885,7;885,9;885,5;;19,5;16,8;20,4;18,7;17,3;16,4;89;84;87;348;;;
2026/01/09;0600 UTC;0;885,1;885,6;884,6;0,0;21,4;17,8;21,9;21,1;18,3;17,4;85;75;82;310;7,6;4,0;
2026/01/09;0700 UTC;0;885,3;885,8;884,7;682,8;23,1;17,8;23,5;22,8;18,4;17,4;76;69;73;301;5,5;4,9;
2026/01/09;0800 UTC;0;885,4;885,9;885,0;951,4;24,4;17,9;24,8;23,7;18,5;17,4;74;65;68;17;5,2;2,4;
2026/01/09;0900 UTC;0;886,1;886,4;885,7;1776,9;25,9;18,1;27,0;24,8;18,4;17,9;68;57;61;302;3,6;1,7;
2026/01/09;1000 UTC;0;886,6;887,2;886,1;1915,0;26,9;17,7;27,2;26,5;18,3;17,1;59;53;54;7;5,5;3,9;
2026/01/09;1100 UTC;0;887,5;887,8;887,3;2247,2;28,5;18,9;28,8;28,1;19,3;18,5;59;47;52;345;5,3;3,3;
2026/01/09;1200 UTC;0;888,1;888,3;887,7;1962,6;28,3;19,1;28,8;27,3;19,5;18,6;55;47;54;79;6,0;3,7;
2026/01/09;1300 UTC;0;888,6;888,7;888,2;2370,7;29,3;19,0;30,4;28,5;19,3;18,9;52;42;48;80;6,6;3,3;
2026/01/09;1400 UTC;0;888,4;888,9;888,3;1832,1;28,5;19,3;29,2;27,6;19,9;18,7;57;49;54;76;2,5;0,6;
2026/01/09;1500 UTC;0;887,7;888,1;887,4;1750,6;27,3;17,1;27,7;26,5;17,5;17,0;53;46;49;42;7,6;4,7;
2026/01/09;1600 UTC;0;886,9;887,4;886,4;1320,1;26,4;17,7;27,4;25,5;18,3;17,4;58;50;56;75;4,7;3,2;
2026/01/09;1700 UTC;0;885,9;886,2;885,5;623,5;25,5;17,7;26,0;24,7;18,3;17,4;63;59;61;110;7,9;3,8;
2026/01/09;1800 UTC;0;885,4;885,7;885,1;0,0;24,9;17,9;25,3;24,5;18,1;17,5;67;60;65;151;4,9;4,2;
2026/01/09;1900 UTC;0;885,0;885,5;884,8;;22,8;17,6;23,1;21,7;18,2;17,2;78;67;74;156;7,9;4,8;
2026/01/09;2000 UTC;6,7;885,2;885,8;884,6;;17,5;17,1;17,9;17,2;17,4;16,9;100;93;98;190;8,8;4,2;
2026/01/09;2100 UTC;0;885,8;886,3;885,5;;19,8;16,3;20,6;18,9;16,9;15,9;84;76;82;171;5,4;3,9;
2026/01/09;2200 UTC;12,9;886,6;887,1;886,3;;14,7;14,5;15,7;13,9;14,7;14,4;100;98;99;189;8,3;5,8;
2026/01/09;2300 UTC;0;887,6;887,9;887,2;;18,0;17,0;18,4;17,0;17,5;16,5;96;90;95;218;3,3;2,7;
2026/01/10;0000 UTC;0;889,2;889,3;888,8;;18,6;18,0;19,2;18,1;18,6;17,5;100;92;97;221;4,3;2,6;
2026/01/10;0100 UTC;0;889,4;889,9;889,0;;18,8;17,3;19,1;18,3;17,6;16,7;96;87;93;229;7,0;2,6;
2026/01/10;0200 UTC;0;889,3;889,5;888,9;;18,4;17,6;19,3;17,8;18,1;17,0;98;91;96;239;4,4;2,4;
2026/01/10;0300 UTC;0;888,5;888,9;887,9;;18,4;16,2;19,4;18,0;16,8;16,0;96;83;89;245;7,0;3,9;
2026/01/10;0400 UTC;0;887,5;887,7;887,1;;20,5;18,2;20,7;19,5;18,6;17,8;92;86;89;240;5,3;1,3;
2026/01/10;0500 UTC;0;886,8;887,1;886,3;;20,6;16,6;21,2;19,8;16,7;16,1;84;76;80;262;2,9;0,4;
2026/01/10;0600 UTC;0;886,0;886,2;885,4;0,0;21,8;17,2;22,0;21,3;17,5;17,0;78;70;77;1;4,1;3,3;
2026/01/10;0700 UTC;0;885,7;886,1;885,3;526,9;24,2;18,3;25,2;23,8;18,8;18,0;73;68;70;279;7,3;5,2;
2026/01/10;0800 UTC;0;886,2;886,6;885,8;927,8;25,8;18,8;26,7;25,1;19,3;18,2;70;62;65;307;5,9;2,6;
2026/01/10;0900 UTC;0;886,5;887,0;886,0;1304,5;26,8;18,0;27,8;26,3;18,6;17,8;58;52;56;336;5,6;3,5;
2026/01/10;1000 UTC;0;887,5;887,8;886,9;2201,6;27,5;18,1;28,3;27,1;18,3;17,8;59;47;53;336;4,5;2,5;
2026/01/10;1100 UTC;0;888,4;888,7;888,2;2307,3;28,8;19,3;29,7;28,2;19,9;18,8;55;50;53;23;3,4;1,1;
2026/01/10;1200 UTC;0;889,0;889,3;888,5;2078,9;29,5;19,3;29,7;29,3;19,4;19,1;52;44;49;73;6,4;3,6;
2026/01/10;1300 UTC;0;889,1;889,3;888,7;1756,3;30,1;19,5;31,0;29,6;19,9;18,9;53;43;47;15;7,8;4,0;
2026/01/10;1400 UTC;0;889,3;889,6;889,2;2112,8;29,9;19,1;30,4;29,4;19,5;18,5;53;40;46;48;2,5;0,9;
2026/01/10;1500 UTC;0;888,5;888,7;888,2;1836,7;29,0;18,9;29,4;28,1;19,6;18,7;52;47;50;129;5,8;3,2;
2026/01/10;1600 UTC;0;887,8;888,4;887,5;1354,8;28,4;18,6;28,6;27,3;19,0;18,3;57;48;51;70;6,0;2,7;
2026/01/10;1700 UTC;19,3;886,5;887,1;886,1;245,1;23,9;19,3;25,0;23,6;20,0;18,8;82;71;77;126;7,5;6,5;
2026/01/10;1800 UTC;5,2;885,9;886,5;885,5;0,0;21,2;17,6;21,5;20,3;18,0;17,2;85;78;82;137;6,8;3,0;
2026/01/10;1900 UTC;0;885,8;886,0;885,4;;23,9;18,2;24,4;23,5;18,9;17,8;77;69;72;143;6,1;4,9;
2026/01/10;2000 UTC;0;886,3;886,9;886,1;;23,0;18,5;24,0;22,1;19,1;17,8;84;76;77;115;7,1;4,7;
2026/01/10;2100 UTC;0;886,9;887,3;886,6;;21,5;17,8;22,2;20,7;17,9;17,6;86;78;81;157;3,5;2,7;
2026/01/10;2200 UTC;0;887,5;887,9;887,0;;20,2;17,6;21,0;19,7;18,2;17,1;89;83;87;222;5,4;2,0;
2026/01/10;2300 UTC;0;888,6;889,1;888,4;;19,3;17,9;20,0;18,7;18,1;17,8;98;91;93;215;7,1;4,5;
2026/01/11;0000 UTC;0;889,8;890,3;889,2;;19,0;17,6;20,0;18,3;18,2;16,9;98;86;93;220;4,2;1,2;
2026/01/11;0100 UTC;0;889,7;890,1;889,4;;19,5;17,9;20,4;19,0;18,6;17,5;97;88;92;293;2,9;0,5;
2026/01/11;0200 UTC;0;889,6;890,2;889,2;;19,3;18,2;20,0;18,5;18,5;17,8;96;92;94;304;4,5;2,8;
2026/01/11;0300 UTC;0;889,0;889,1;888,5;;19,4;17,6;20,4;18,4;18,3;17,0;98;86;91;257;3,7;0,5;
2026/01/11;0400 UTC;0;887,9;888,4;887,4;;20,9;18,5;21,5;20,0;19,2;18,0;91;81;88;248;4,4;2,9;
2026/01/11;0500 UTC;0;887,2;887,7;886,7;;22,4;17,5;22,6;22,0;18,2;16,9;79;71;76;260;5,5;2,0;
2026/01/11;0600 UTC;0;886,7;887,1;886,4;0,0;23,4;17,4;23,8;22,6;17,6;17,2;72;64;70;273;3,6;2,2;
2026/01/11;0700 UTC;0;886,4;886,5;886,3;475,9;24,4;18,3;24,8;24,0;18,9;17,9;75;64;69;20;8,6;4,5;
2026/01/11;0800 UTC;0;886,7;887,0;886,1;1179,1;26,9;18,5;27,9;26,4;19,1;18,1;64;56;58;19;4,8;0,5;
2026/01/11;0900 UTC;0;887,6;888,1;887,1;1878,7;27,5;19,0;28,1;26,7;19,5;18,6;60;53;58;331;6,1;1,4;
2026/01/11;1000 UTC;0;888,2;888,6;887,7;2232,2;29,3;19,6;30,0;28,8;19,8;19,4;56;49;51;3;7,9;3,3;
2026/01/11;1100 UTC;0;889,2;889,4;888,9;2253,4;29,7;19,6;30,4;29,1;19,7;19,2;56;48;50;29;6,7;2,5;
2026/01/11;1200 UTC;0;889,7;890,2;889,2;2267,8;30,4;19,2;31,5;29,9;19,4;19,1;49;38;44;348;4,8;2,9;
2026/01/11;1300 UTC;0;889,7;889,9;889,5;2177,2;30,8;19,8;31,6;30,1;20,4;19,5;51;40;45;18;3,0;0,6;
2026/01/11;1400 UTC;0;889,8;890,1;889,4;2258,2;30,0;18,1;30,4;29,7;18,3;17,8;47;39;41;51;6,3;4,6;
2026/01/11;1500 UTC;0;889,1;889,7;889,0;1399,9;29,3;18,6;30,0;28,5;18,9;18,1;51;43;46;79;2,5;0,6;
2026/01/11;1600 UTC;0;888,1;888,5;887,7;1100,3;28,6;18,1;29,4;27,6;18,5;17,6;53;42;48;72;5,9;1,2;
2026/01/11;1700 UTC;0;887,3;887,8;886,7;706,2;28,1;18,9;29,0;27,6;19,3;18,6;59;47;54;65;7,7;3,5;
2026/01/11;1800 UTC;0;886,6;887,1;886,0;0,0;26,4;18,0;27,3;25,6;18,3;17,4;61;52;58;141;3,3;2,1;
2026/01/11;1900 UTC;7,1;886,4;886,8;886,1;;20,3;16,9;21,4;19,4;17,5;16,6;88;79;83;113;6,5;4,3;
2026/01/11;2000 UTC;0;887,0;887,5;886,5;;22,9;17,5;23,7;22,2;17,8;17,1;78;68;73;175;5,2;4,5;
2026/01/11;2100 UTC;0;887,5;887,9;887,3;;21,7;18,1;22,5;20,7;18,7;18,0;89;76;82;162;6,1;4,6;
2026/01/11;2200 UTC;0;888,4;888,5;888,2;;20,1;17,4;20,6;19,1;17,6;16,7;93;83;86;180;6,0;2,4;
2026/01/11;2300 UTC;0;889,0;889,5;888,7;;19,5;17,7;20,1;19,3;17,8;17,4;97;85;91;161;7,4;4,6;
2026/01/12;0000 UTC;0;889,6;889,7;889,0;;19,9;17,6;20,6;19,1;18,1;17,1;93;85;89;199;3,9;2,2;
2026/01/12;0100 UTC;0;889,8;890,3;889,7;;18,5;17,4;19,6;18,1;17,9;16,8;100;93;94;296;5,9;1,8;
2026/01/12;0200 UTC;0;889,5;889,9;889,4;;18,6;15,9;19,1;17,9;16,3;15,7;88;85;86;335;5,0;4,2;
2026/01/12;0300 UTC;0;889,3;889,6;888,7;;20,0;17,7;20,6;19,7;18,0;17,4;93;83;89;304;4,6;0,9;
2026/01/12;0400 UTC;0;888,1;888,5;887,8;;21,0;17,1;21,9;20,4;17,4;16,7;82;77;80;1;6,5;2,9;
2026/01/12;0500 UTC;0;887,2;887,3;887,0;;22,0;18,6;22,9;21,3;19,1;18,1;89;82;83;353;5,1;2,8;
2026/01/12;0600 UTC;0;886,6;886,7;886,2;0,0;23,2;17,7;23,9;22,2;18,4;17,3;76;70;72;30;5,3;1,4;
2026/01/12;0700 UTC;0;886,3;886,6;886,2;592,5;25,0;18,0;25,7;24,4;18,2;17,9;67;60;65;306;4,3;2,7;
2026/01/12;0800 UTC;0;886,9;887,5;886,6;1328,9;26,9;19,5;27,1;26,0;20,1;18,9;66;61;63;21;4,7;3,9;
2026/01/12;0900 UTC;0;887,2;887,7;887,0;1496,1;28,1;19,7;28,9;27,7;20,3;19,5;60;52;58;343;2,9;2,3;
2026/01/12;1000 UTC;0;888,5;888,9;888,1;1557,4;29,1;18,5;29,8;28,8;19,2;17,9;51;44;47;39;1,8;0,9;
2026/01/12;1100 UTC;0;889,2;889,6;888,9;1846,0;29,8;18,7;30,9;28,7;19,3;18,2;47;42;45;347;6,2;3,6;
2026/01/12;1200 UTC;0;889,7;889,8;889,3;1821,3;29,9;19,4;30,6;29,5;20,1;19,0;52;46;48;350;1,9;1,4;
2026/01/12;1300 UTC;0;889,7;889,9;889,4;1995,0;30,3;19,0;31,3;29,8;19,5;18,6;45;40;43;40;4,1;1,9;
2026/01/12;1400 UTC;0;889,8;890,1;889,4;1973,5;30,1;19,5;30,6;29,3;19,7;19,2;50;40;47;119;5,7;4,7;
2026/01/12;1500 UTC;0;889,2;889,7;888,8;1402,5;29,2;18,7;30,2;28,8;18,9;18,5;49;42;48;120;7,3;4,3;
2026/01/12;1600 UTC;0;888,0;888,2;887,7;1331,6;29,1;19,0;29,4;28,6;19,4;18,9;54;47;50;92;8,2;3,9;
2026/01/12;1700 UTC;0;887,4;887,9;886,9;590,4;27,8;18,4;28,8;26,8;18,5;17,9;59;48;53;102;3,3;0,7;
2026/01/12;1800 UTC;0;886,6;887,0;886,3;0,0;26,0;18,4;26,4;25,7;18,5;18,0;64;60;62;132;6,3;3,4;
2026/01/12;1900 UTC;0;886,6;886,7;886,3;;24,7;17,5;25,6;23,9;17,8;17,1;66;60;64;90;2,1;0,4;
2026/01/12;2000 UTC;23,3;886,6;886,9;886,2;;19,7;17,1;20,0;19,1;17,6;16,5;90;85;87;177;7,0;4,9;
2026/01/12;2100 UTC;0;887,6;887,8;887,1;;22,6;18,4;23,3;22,2;18,6;18,0;85;72;79;109;6,3;2,1;
2026/01/12;2200 UTC;0;888,1;888,5;887,8;;21,2;18,3;21,8;20,8;18,6;18,0;92;84;85;135;8,9;4,8;
2026/01/12;2300 UTC;0;889,2;889,3;888,9;;20,1;17,4;21,0;19,9;17,8;16,8;88;82;86;146;5,3;2,4;
2026/01/13;0000 UTC;0;889,4;889,7;889,1;;19,1;17,5;19,5;18,2;17,6;17,0;96;91;92;237;6,2;1,5;
2026/01/13;0100 UTC;0;889,3;889,4;889,0;;18,8;17,7;19,2;18,2;18,3;17,2;100;94;95;256;7,1;3,4;
2026/01/13;0200 UTC;0;889,2;889,8;889,0;;19,0;18,3;20,0;18,2;18,4;17,9;100;95;96;303;3,7;0,4;
2026/01/13;0300 UTC;0;888,8;889,1;888,2;;19,0;17,1;19,9;18,3;17,8;16,8;95;86;91;337;4,8;2,6;
2026/01/13;0400 UTC;0;888,0;888,4;887,7;;20,7;17,7;21,3;20,1;18,3;17,3;91;78;85;325;7,6;3,3;
2026/01/13;0500 UTC;0;886,9;887,0;886,7;;20,7;16,9;21,7;20,2;17,1;16,8;83;76;81;346;4,4;1,0;
2026/01/13;0600 UTC;0;886,4;886,8;886,1;0,0;22,9;18,5;23,2;22,7;18,9;17,9;80;74;78;17;4,7;0,6;
2026/01/13;0700 UTC;0;885,9;886,1;885,3;521,1;24,1;17,7;24,9;23,8;18,0;17,0;70;62;68;33;4,6;2,5;
2026/01/13;0800 UTC;0;886,5;886,8;885,9;1174,5;26,2;19,2;27,2;25,3;19,3;18,9;67;60;65;340;4,5;4,0;
2026/01/13;0900 UTC;0;886,7;887,1;886,5;1471,7;27,4;18,2;28,5;26,4;18,4;17,8;57;48;54;324;3,3;2,2;
2026/01/13;1000 UTC;0;887,9;888,2;887,5;1680,9;28,0;18,8;28,6;27,7;19,1;18,6;58;50;54;53;4,5;0,7;
2026/01/13;1100 UTC;0;888,7;889,1;888,4;2260,8;29,2;18,9;30,0;28,3;19,1;18,7;54;44;48;71;3,6;1,4;
2026/01/13;1200 UTC;0;889,0;889,2;888,5;2688,9;30,2;19,4;31,0;29,6;19,8;18,7;51;44;46;1;4,5;2,2;
2026/01/13;1300 UTC;0;889,6;890,1;889,2;2583,0;30,2;18,6;31,3;29,3;18,8;18,2;43;40;42;124;4,5;0,6;
2026/01/13;1400 UTC;0;889,3;889,6;888,9;2409,9;29,6;18,7;30,4;29,2;18,8;18,4;48;38;45;114;6,5;3,5;
2026/01/13;1500 UTC;0;888,5;888,7;888,1;1882,0;29,7;19,8;30,8;29,0;20,2;19,4;53;44;51;136;5,1;1,9;
2026/01/13;1600 UTC;11,5;887,8;888,1;887,3;471,5;25,4;19,8;26,2;25,0;19,9;19,4;77;68;72;84;6,8;5,3;
2026/01/13;1700 UTC;0;887,0;887,3;886,4;655,5;27,4;18,1;27,8;26,5;18,6;17,5;60;49;54;114;7,6;4,3;
2026/01/13;1800 UTC;0;886,2;886,5;886,0;0,0;25,3;17,8;25,7;24,4;18,2;17,7;69;57;63;102;7,6;4,2;
2026/01/13;1900 UTC;0;886,3;886,5;885,7;;23,7;17,4;24,1;23,4;17,9;17,2;73;66;68;173;4,4;1,2;
2026/01/13;2000 UTC;0;886,3;886,5;886,1;;22,1;17,8;23,1;21,2;17,9;17,3;82;76;78;156;7,6;4,8;
2026/01/13;2100 UTC;16,6;886,9;887,5;886,4;;17,4;16,7;18,5;16,9;16,9;16,3;100;93;97;190;6,2;4,7;
2026/01/13;2200 UTC;0;887,9;888,4;887,7;;20,3;17,0;21,0;19,7;17,6;16,3;87;78;83;218;5,9;4,6;
2026/01/13;2300 UTC;0;888,5;888,9;888,0;;18,8;16,2;19,2;18,5;16,3;15,7;92;86;87;161;6,0;2,5;
2026/01/14;0000 UTC;0;888,7;889,0;888,2;;16,9;16,5;17,4;16,6;16,7;15,8;100;94;98;244;7,3;5,2;
2026/01/14;0100 UTC;0;888,5;888,8;888,2;;17,0;16,6;17,3;16,0;17,1;16,0;100;93;98;312;5,3;2,6;
2026/01/14;0200 UTC;0;888,3;888,7;887,7;;17,8;16,8;18,2;17,5;17,0;16,3;100;94;95;325;7,4;3,8;
2026/01/14;0300 UTC;0;887,9;888,4;887,8;;17,9;17,0;18,2;17,6;17,3;16,8;96;94;95;252;4,6;1,2;
2026/01/14;0400 UTC;0;886,8;887,1;886,5;;18,7;17,2;19,5;18,1;17,7;16,7;98;89;93;289;4,4;3,3;
2026/01/14;0500 UTC;0;886,4;886,9;886,2;;19,9;16,5;20,7;19,3;16,8;15,9;86;76;83;31;8,8;4,9;
2026/01/14;0600 UTC;0;885,6;885,8;885,1;0,0;21,8;17,3;22,9;20,7;17,6;17,0;83;76;78;289;8,9;4,6;
2026/01/14;0700 UTC;0;885,5;885,7;885,2;659,5;23,1;17,6;24,1;22,8;18,0;17,5;76;67;72;4;7,0;3,8;
2026/01/14;0800 UTC;0;885,7;885,9;885,3;909,6;24,3;17,3;24,6;24,0;17,8;16,8;68;59;65;39;2,5;0,6;
2026/01/14;0900 UTC;0;886,0;886,5;885,5;1419,3;25,8;18,0;26,8;25,3;18,2;17,6;68;60;61;40;5,0;4,0;
2026/01/14;1000 UTC;0;887,1;887,7;886,7;1816,1;27,8;19,5;28,3;27,3;19,6;18,9;65;52;59;77;2,2;1,6;
2026/01/14;1100 UTC;0;888,0;888,4;887,6;2299,2;27,7;17,6;28,1;26,9;18,2;17,1;53;42;49;20;4,9;2,5;
2026/01/14;1200 UTC;0;888,7;889,0;888,3;2185,9;28,2;18,6;29,1;27,4;19,0;18,2;55;48;52;33;6,6;3,2;
2026/01/14;1300 UTC;0;888,9;889,1;888,4;2220,3;29,5;19,1;30,3;29,2;19,4;18,6;54;46;48;99;7,9;3,4;
2026/01/14;1400 UTC;0;888,5;888,9;888,1;1962,7;29,1;19,6;29,9;28,6;19,9;19,0;54;49;53;97;6,4;2,0;
2026/01/14;1500 UTC;0;887,6;887,8;887,5;1285,9;28,1;18,8;28,9;27,2;18,9;18,6;59;51;54;133;5,8;3,4;
2026/01/14;1600 UTC;0;887,0;887,4;886,7;993,3;27,2;19,0;27,8;26,4;19,3;18,5;62;52;59;74;3,8;0,8;
2026/01/14;1700 UTC;19,4;886,2;886,6;886,0;145,2;21,8;17,5;22,1;20,8;18,1;16,9;83;77;79;140;5,8;3,3;
2026/01/14;1800 UTC;0;885,6;885,8;885,0;0,0;24,6;18,2;25,1;23,6;18,4;17,5;71;64;68;193;4,2;1,8;
2026/01/14;1900 UTC;0;885,1;885,2;884,7;;22,6;16,5;23,4;22,1;17,1;16,2;76;64;69;118;2,7;1,2;
2026/01/14;2000 UTC;0;885,8;885,9;885,6;;21,3;17,2;21,9;20,4;17,8;16,9;85;73;80;223;6,8;3,4;
2026/01/14;2100 UTC;0;886,1;886,3;885,5;;20,3;16,6;21,2;19,9;17,1;16,3;89;80;82;205;4,6;2,9;
2026/01/14;2200 UTC;0;886,9;887,4;886,7;;18,8;17,5;19,3;17,7;18,2;17,3;95;91;94;235;5,0;2,3;
2026/01/14;2300 UTC;0;888,1;888,5;887,8;;18,5;17,1;19,5;17,6;17,4;16,9;99;88;93;155;5,1;3,9;
2026/01/15;0000 UTC;0;887,6;887,8;887,2;;17,1;16,7;17,5;16,5;17,1;16,5;99;92;98;274;5,7;1,5;
2026/01/15;0100 UTC;0;888,0;888,3;887,7;;16,1;15,6;16,5;15,3;16,2;14,9;100;91;97;308;7,8;3,3;
2026/01/15;0200 UTC;0;887,8;888,1;887,7;;16,7;16,3;17,3;15,6;16,5;16,1;100;94;98;357;6,4;4,8;
2026/01/15;0300 UTC;0;887,3;887,7;887,1;;17,5;16,8;18,2;16,7;17,2;16,5;100;91;97;354;4,4;1,5;
2026/01/15;0400 UTC;0;886,5;886,7;885,9;;17,4;15,3;17,8;16,4;15,7;15,0;91;85;89;282;5,0;1,2;
2026/01/15;0500 UTC;0;885,6;885,9;885,1;;19,9;16,9;20,6;18,8;17,2;16,3;89;78;85;302;7,6;4,1;
2026/01/15;0600 UTC;0;885,1;885,2;884,6;0,0;20,5;17,0;21,2;19,8;17,5;16,9;84;76;83;354;8,2;5,1;
2026/01/15;0700 UTC;0;884,4;884,8;884,3;565,3;21,6;17,4;22,6;21,2;17,8;17,2;82;75;79;336;3,9;1,8;
2026/01/15;0800 UTC;0;885,0;885,6;884,5;1107,4;23,9;17,5;24,8;22,9;17,7;17,2;72;65;68;32;6,2;2,9;
2026/01/15;0900 UTC;0;885,6;886,0;885,4;1367,2;24,9;17,1;25,3;24,1;17,5;16,9;65;55;61;57;7,2;3,1;
2026/01/15;1000 UTC;0;886,2;886,6;885,6;1704,3;26,7;18,1;27,6;25,8;18,7;17,8;64;54;57;67;7,1;2,8;
2026/01/15;1100 UTC;0;887,1;887,4;887,0;1928,9;27,8;18,1;28,0;26,9;18,6;17,8;58;49;52;63;1,2;0,4;
2026/01/15;1200 UTC;0;887,8;888,2;887,6;2748,1;27,3;17,3;27,6;26,5;17,9;17,1;54;47;50;69;5,8;4,5;
2026/01/15;1300 UTC;0;888,1;888,4;887,8;2178,6;27,9;17,7;28,5;27,6;18,3;17,4;51;47;49;94;5,8;1,5;
2026/01/15;1400 UTC;0;887,9;888,3;887,3;1740,7;28,4;19,0;29,1;27,7;19,2;18,5;57;49;53;111;2,6;1,5;
2026/01/15;1500 UTC;0;887,3;887,7;886,7;1811,2;26,7;17,2;27,2;25,8;17,8;16,7;56;47;52;82;4,3;2,9;
2026/01/15;1600 UTC;0;886,3;886,6;885,7;1118,1;25,9;17,3;26,7;25,6;17,4;16,6;61;55;57;65;6,0;5,1;
2026/01/15;1700 UTC;0;885,7;886,0;885,6;614,8;25,7;19,1;26,4;25,2;19,6;19,0;71;61;67;96;6,7;2,7;
2026/01/15;1800 UTC;2,7;885,0;885,5;884,9;0,0;18,9;16,4;19,4;18,0;16,6;16,3;91;84;88;130;3,4;2,4;
2026/01/15;1900 UTC;0;884,6;885,1;884,1;;22,7;17,2;23,8;21,7;17,4;16,8;78;69;72;199;6,9;3,0;
2026/01/15;2000 UTC;0;885,1;885,3;884,6;;20,1;16,9;20,3;19,1;17,5;16,4;88;82;84;200;5,3;1,7;
2026/01/15;2100 UTC;0;885,5;886,0;885,0;;20,0;17,5;20,7;19,7;17,9;17,1;91;84;88;171;4,4;3,3;
2026/01/15;2200 UTC;0;886,1;886,2;885,7;;18,2;17,0;18,7;17,9;17,4;16,4;97;87;94;171;1,4;0,8;
2026/01/15;2300 UTC;0;887,0;887,4;886,6;;17,5;16,6;18,5;16,6;17,1;16,2;100;90;95;228;4,4;0,3;
2026/01/16;0000 UTC;0;887,5;887,6;887,2;;16,5;16,1;17,5;15,6;16,3;15,4;100;91;98;272;4,3;1,8;
2026/01/16;0100 UTC;0;887,6;887,9;887,3;;16,1;15,7;16,5;15,7;16,1;15,4;100;91;98;284;4,9;4,3;
2026/01/16;0200 UTC;0;887,8;887,9;887,2;;15,6;15,2;16,0;14,7;15,7;14,9;100;93;98;328;3,1;1,5;
2026/01/16;0300 UTC;0;886,8;887,0;886,6;;16,6;16,0;17,2;15,7;16,6;15,5;100;96;97;311;3,1;2,5;
2026/01/16;0400 UTC;0;885,9;886,2;885,6;;18,0;16,4;18,6;17,2;17,1;15,8;95;90;92;360;5,9;2,0;
2026/01/16;0500 UTC;0;885,3;885,6;884,9;;18,8;16,2;19,3;18,1;16,6;15,8;90;81;87;285;3,3;1,0;
2026/01/16;0600 UTC;0;884,6;885,0;884,2;0,0;20,7;17,9;21,3;20,3;18,3;17,4;89;80;86;333;4,2;2,9;
2026/01/16;0700 UTC;0;884,2;884,4;883,8;524,5;22,1;17,2;22,5;21,3;17,5;16,9;79;70;76;36;4,3;1,6;
2026/01/16;0800 UTC;0;884,4;884,8;883,9;1113,4;23,3;17,8;24,1;22,5;18,3;17,5;75;67;73;360;7,7;5,2;
2026/01/16;0900 UTC;0;885,1;885,4;884,9;1355,6;25,1;17,7;26,0;24,2;18,3;17,3;67;61;63;354;5,1;4,5;
2026/01/16;1000 UTC;0;885,9;886,0;885,8;2047,0;26,4;18,9;26,8;25,6;19,2;18,4;69;61;62;88;3,0;0,5;
2026/01/16;1100 UTC;0;886,8;886,9;886,3;1810,8;26,3;17,8;26,6;25,8;18,3;17,7;63;53;57;109;2,3;0,4;
2026/01/16;1200 UTC;0;887,4;887,5;887,2;2200,7;26,9;18,0;27,9;26,0;18,1;17,9;62;50;55;47;2,7;1,6;
2026/01/16;1300 UTC;0;887,7;887,9;887,6;2262,9;27,5;18,6;28,1;26,5;18,8;18,4;58;51;55;85;5,6;4,2;
2026/01/16;1400 UTC;0;887,7;888,0;887,2;1817,4;27,2;18,7;27,8;26,7;19,0;18,3;64;51;57;59;3,9;2,0;
2026/01/16;1500 UTC;0;886,8;887,3;886,4;1843,9;26,9;17,6;27,3;26,1;17,7;17,1;60;50;54;163;3,3;2,0;
2026/01/16;1600 UTC;0;885,9;886,3;885,7;898,1;25,7;17,1;26,3;25,0;17,8;17,0;58;51;57;85;6,0;2,7;
2026/01/16;1700 UTC;0;885,0;885,3;884,5;649,2;25,3;17,7;25,5;24,3;18,4;17,1;69;55;62;177;2,3;0,8;
2026/01/16;1800 UTC;0;884,9;885,2;884,4;0,0;24,0;18,1;24,2;23,2;18,5;17,9;77;65;71;176;3,1;1,0;
2026/01/16;1900 UTC;30,8;884,3;884,4;884,1;;19,4;17,4;20,4;18,9;17,9;17,1;92;86;90;158;5,9;1,9;
2026/01/16;2000 UTC;0;884,6;884,7;884,4;;20,9;16,7;21,3;20,0;17,4;16,1;83;75;79;149;3,5;0,8;
2026/01/16;2100 UTC;0;885,1;885,3;884,6;;19,2;17,7;19,7;18,6;18,4;17,4;94;91;92;193;5,6;3,5;
2026/01/16;2200 UTC;0;886,1;886,5;885,7;;17,2;16,6;17,6;16,3;16,8;16,0;100;92;97;170;6,0;3,3;
2026/01/16;2300 UTC;0;886,8;887,2;886,6;;17,2;16,8;17,6;16,4;17,3;16,5;100;93;98;215;4,5;1,8;
2026/01/17;0000 UTC;0;887,8;888,3;887,6;;16,6;16,2;17,6;15,7;16,8;15,9;99;94;98;262;4,0;0,6;
2026/01/17;0100 UTC;0;888,2;888,6;887,9;;16,3;15,6;16,6;15,5;16,2;15,2;100;94;96;275;8,0;3,7;
2026/01/17;0200 UTC;0;888,1;888,3;887,6;;16,8;15,9;17,4;16,5;16,5;15,7;100;94;96;6;1,4;0,7;
2026/01/17;0300 UTC;0;887,3;887,7;886,9;;16,8;15,5;17,2;16,3;15,7;15,0;99;88;93;294;4,7;3,4;
2026/01/17;0400 UTC;0;886,3;886,5;885,8;;17,8;16,1;18,7;17,0;16,8;16,0;98;89;92;290;7,8;4,6;
2026/01/17;0500 UTC;0;885,7;885,9;885,6;;19,0;16,8;19,3;18,2;17,1;16,4;93;83;89;322;5,5;3,4;
2026/01/17;0600 UTC;0;884,8;885,1;884,5;0,0;21,4;17,2;22,1;20,8;17,3;16,5;81;76;79;52;2,7;1,7;
2026/01/17;0700 UTC;0;884,8;885,3;884,2;688,9;22,8;18,1;23,8;22,0;18,7;17,4;82;70;76;30;4,2;0,6;
2026/01/17;0800 UTC;0;884,9;885,4;884,6;1330,4;24,0;17,9;24,4;23,8;18,0;17,4;75;62;69;28;4,6;2,2;
2026/01/17;0900 UTC;0;885,7;886,2;885,2;1372,4;24,6;16,8;25,3;24,3;17,1;16,1;64;59;61;78;7,2;4,0;
2026/01/17;1000 UTC;0;886,7;887,2;886,4;;26,3;18,2;26,8;25,8;18,4;17,9;61;56;60;61;;;
2026/01/17;1100 UTC;0;887,2;887,8;886,9;2443,6;27,3;18,0;28,2;26,6;18,5;17,6;58;52;53;37;6,7;2,2;
2026/01/17;1200 UTC;0;887,7;888,2;887,2;2537,3;27,4;18,0;27,9;26,3;18,2;17,3;58;51;53;96;2,1;1,1;
2026/01/17;1300 UTC;0;888,1;888,3;887,8;2120,1;28,5;18,6;29,2;27,7;18,7;18,3;52;48;51;63;5,4;3,2;
2026/01/17;1400 UTC;0;888,2;888,5;887,8;2020,3;27,4;18,5;28,4;27,0;18,8;17,9;61;51;56;158;4,4;3,7;
2026/01/17;1500 UTC;12,7;887,4;887,9;886,9;648,8;23,7;18,0;24,5;23,1;18,1;17,8;73;66;71;93;9,3;5,0;
2026/01/17;1600 UTC;0;886,6;887,2;886,2;918,0;25,9;18,3;26,2;25,0;18,9;18,0;64;59;62;163;5,6;3,9;
2026/01/17;1700 UTC;0;885,9;886,0;885,4;719,9;24,9;18,0;25,6;24,1;18,4;17,3;71;61;65;155;2,9;1,5;
2026/01/17;1800 UTC;0;885,0;885,2;884,6;0,0;24,4;17,4;25,2;23,3;17,9;16,9;69;63;65;209;6,6;2,8;
2026/01/17;1900 UTC;0;884,7;885,2;884,6;;22,4;17,0;23,3;21,8;17,6;16,9;78;69;73;121;3,0;0,4;
2026/01/17;2000 UTC;0;885,1;885,2;884,8;;20,7;16,8;21,3;20,1;17,3;16,4;87;77;81;130;3,8;3,2;
2026/01/17;2100 UTC;0;885,8;886,2;885,5;;19,1;17,1;19,7;18,1;17,3;16,6;96;88;90;144;6,7;2,0;
2026/01/17;2200 UTC;0;886,4;886,9;886,1;;18,5;17,4;19,4;17,4;17,8;16,9;98;89;94;173;8,4;4,6;
2026/01/17;2300 UTC;0;887,3;887,7;886,9;;17,2;15,7;17,5;17,0;16,2;15,4;98;90;92;222;5,6;4,5;
2026/01/18;0000 UTC;0;888,7;889,1;888,4;;18,3;17,8;18,7;18,1;18,5;17,4;100;91;97;326;4,9;3,1;
2026/01/18;0100 UTC;0;889,1;889,3;888,5;;17,6;16,9;18,1;17,2;17,5;16,2;100;90;97;333;6,5;5,0;
2026/01/18;0200 UTC;0;888,5;888,8;888,3;;18,3;17,3;19,0;17,3;17,8;16,8;100;94;95;1;3,8;1,2;
2026/01/18;0300 UTC;0;887,9;888,3;887,8;;18,2;16,2;18,5;17,2;16,4;16,0;97;88;90;24;7,3;5,2;
2026/01/18;0400 UTC;0;887,1;887,4;886,8;;19,9;17,3;20,4;19,1;17,8;16,9;89;83;87;9;3,3;0,9;
2026/01/18;0500 UTC;0;886,3;886,7;885,7;;20,5;17,4;20,7;19,4;18,0;16,8;89;80;85;306;4,6;2,5;
2026/01/18;0600 UTC;0;885,9;886,2;885,7;0,0;22,5;17,4;23,4;22,0;17,8;16,8;79;69;75;45;4,6;2,9;
2026/01/18;0700 UTC;0;885,3;885,4;884,9;685,7;23,4;18,0;23,8;22,6;18,1;17,8;79;67;73;52;4,8;1,0;
2026/01/18;0800 UTC;0;885,6;885,7;885,4;976,0;25,2;18,7;26,3;24,1;19,4;18,5;74;64;68;12;6,1;1,9;
2026/01/18;0900 UTC;0;886,3;886,9;885,8;1639,4;25,8;18,1;26,7;25,1;18,3;18,0;67;56;61;93;4,4;3,0;
2026/01/18;1000 UTC;0;887,0;887,2;886,8;1777,9;26,8;17,4;27,6;26,1;17,9;16,9;54;48;53;85;6,5;4,6;
2026/01/18;1100 UTC;0;888,2;888,5;887,7;1812,6;28,6;18,2;29,2;27,6;18,4;17,8;55;41;48;118;1,8;1,0;
2026/01/18;1200 UTC;0;888,8;889,3;888,3;2732,4;29,0;18,0;29,3;28,5;18,2;17,5;51;42;45;122;4,5;2,7;
2026/01/18;1300 UTC;0;888,7;889,2;888,5;2418,4;29,3;19,1;30,1;28,6;19,2;18,8;53;45;49;104;7,2;5,1;
2026/01/18;1400 UTC;0;888,8;889,3;888,4;2340,3;28,3;17,6;29,0;27,5;17,9;17,4;48;42;46;116;5,2;2,2;
2026/01/18;1500 UTC;16,8;888,3;888,7;888,1;440,6;25,1;19,2;25,4;24,7;19,5;18,9;76;66;70;91;5,2;3,3;
2026/01/18;1600 UTC;2,9;887,3;887,7;886,8;369,5;25,5;20,2;26,3;25,3;20,8;19,7;76;69;73;194;6,2;4,1;
2026/01/18;1700 UTC;3,2;886,5;887,1;886,2;191,2;24,0;20,1;24,9;23,1;20,5;19,8;85;79;81;181;9,3;6,6;
2026/01/18;1800 UTC;0;886,0;886,2;885,6;0,0;25,5;19,2;26,3;24,9;19,7;18,7;71;63;68;147;3,7;1,1;
2026/01/18;1900 UTC;0;885,4;885,9;885,3;;23,7;18,4;24,5;22,7;18,9;17,8;75;71;74;223;6,4;2,9;
2026/01/18;2000 UTC;0;885,8;886,2;885,3;;22,1;18,4;22,5;21,1;19,1;18,2;87;79;82;218;9,6;4,9;
2026/01/18;2100 UTC;14,2;886,6;887,0;886,2;;15,7;15,5;16,3;15,2;15,8;14,8;100;93;99;156;3,9;2,9;
2026/01/18;2200 UTC;11,7;887,0;887,1;886,5;;16,0;15,8;16,3;15,2;16,4;15,3;100;97;99;211;6,3;4,0;
2026/01/18;2300 UTC;0;887,9;888,1;887,7;;18,4;17,3;18,8;17,4;17,6;16,7;100;92;95;191;7,2;3,3;
2026/01/19;0000 UTC;0;889,3;889,7;889,1;;18,5;17,1;19,3;17,8;17,5;16,6;100;87;93;335;1,7;0,5;
2026/01/19;0100 UTC;0;889,5;889,9;889,0;;18,5;17,5;19,2;18,2;18,0;17,0;100;88;95;302;3,7;3,0;
2026/01/19;0200 UTC;0;889,3;889,9;888,8;;18,7;17,1;19,6;17,7;17,5;16,8;99;87;92;297;6,6;2,5;
2026/01/19;0300 UTC;0;889,0;889,1;888,6;;19,6;17,5;20,1;19,2;18,1;17,0;92;88;89;284;6,2;1,6;
2026/01/19;0400 UTC;0;887,8;888,0;887,4;;20,7;18,2;21,7;19,8;18,7;17,8;90;85;88;353;1,6;0,6;
2026/01/19;0500 UTC;0;887,3;887,7;887,0;;21,2;18,0;22,2;20,6;18,1;17,7;86;79;84;65;4,8;2,6;
2026/01/19;0600 UTC;0;886,3;886,6;885,9;0,0;22,2;17,8;22,9;21,3;18,3;17,4;83;72;78;56;5,2;1,5;
2026/01/19;0700 UTC;0;886,4;886,6;886,0;542,9;23,8;16,8;24,0;22,9;17,1;16,2;71;62;65;336;4,3;2,9;
2026/01/19;0800 UTC;0;886,3;886,8;885,7;1169,1;25,8;18,8;26,4;25,1;19,2;18,2;70;59;65;71;6,5;4,8;
2026/01/19;0900 UTC;0;887,1;887,5;886,6;1944,9;27,9;18,5;29,0;27,5;18,8;18,3;56;51;53;30;6,6;4,6;
2026/01/19;1000 UTC;0;888,1;888,5;887,6;2397,4;28,9;18,6;29,2;27,9;19,3;18,3;56;43;49;35;4,0;1,0;
2026/01/19;1100 UTC;0;888,9;889,2;888,3;1812,0;28,8;19,0;29,5;27,7;19,5;18,8;57;45;51;79;3,3;2,7;
2026/01/19;1200 UTC;0;889,5;889,6;889,0;2368,8;29,5;18,4;29,9;28,6;18,7;17,9;46;43;44;117;3,3;1,7;
2026/01/19;1300 UTC;0;889,8;890,1;889,3;1871,8;30,7;20,4;31,3;30,0;20,5;19,7;54;43;48;150;4,2;1,0;
2026/01/19;1400 UTC;0;889,5;890,0;889,1;2377,6;29,6;18,2;30,2;29,3;18,4;17,5;45;42;43;70;7,8;3,4;
2026/01/19;1500 UTC;0;888,8;889,1;888,4;1738,5;29,3;18,4;30,3;29,1;18,7;18,0;52;40;45;157;5,5;2,1;
2026/01/19;1600 UTC;0;888,2;888,6;887,7;1028,0;28,5;18,6;29,0;27,8;19,0;18,2;53;47;51;151;6,4;1,8;
2026/01/19;1700 UTC;21,8;887,2;887,4;886,8;196,1;22,4;16,8;23,1;22,0;17,0;16,3;77;68;72;112;9,7;5,1;
2026/01/19;1800 UTC;0;886,4;886,7;885,9;0,0;26,0;18,9;27,1;24,9;19,1;18,7;70;59;65;180;5,2;2,1;
2026/01/19;1900 UTC;0;886,3;886,8;886,2;;24,8;18,4;25,7;24,5;18,6;18,2;73;66;68;132;7,4;4,8;
2026/01/19;2000 UTC;0;886,3;886,9;885,9;;23,6;17,8;24,2;22,5;17,9;17,6;74;68;71;235;8,4;4,6;
2026/01/19;2100 UTC;0;887,2;887,6;886,9;;22,1;17,7;22,7;21,6;18,3;17,2;84;73;78;238;4,1;0,8;
2026/01/19;2200 UTC;9,6;888,1;888,4;887,7;;17,3;17,1;18,3;16,6;17,4;16,5;100;92;99;183;4,8;1,8;
2026/01/19;2300 UTC;0;888,8;889,0;888,5;;19,9;18,6;20,4;18,8;18,8;18,0;97;92;93;274;5,8;2,9;
2026/01/20;0000 UTC;0;889,8;890,4;889,3;;19,0;17,1;19,5;18,5;17,2;16,6;92;87;91;280;5,4;1,5;
2026/01/20;0100 UTC;0;890,1;890,5;889,9;;19,7;18,5;20,3;19,4;19,1;18,0;99;87;94;275;5,4;4,8;
2026/01/20;0200 UTC;0;889,9;890,3;889,7;;19,3;18,0;20,3;18,6;18,6;17,5;95;88;93;356;4,6;2,5;
2026/01/20;0300 UTC;0;889,2;889,8;889,1;;19,6;17,6;20,4;18,8;18,2;17,3;92;88;90;0;9,2;4,7;
2026/01/20;0400 UTC;0;888,1;888,3;887,8;;20,9;17,2;21,9;20,4;17,5;16,6;89;77;82;34;7,2;2,9;
2026/01/20;0500 UTC;0;887,4;887,6;887,0;;21,5;17,9;22,3;21,0;18,6;17,5;85;75;82;65;5,8;4,8;
2026/01/20;0600 UTC;0;886,8;887,2;886,4;0,0;23,0;17,5;24,1;22,8;18,1;17,3;76;68;73;56;6,5;2,1;
2026/01/20;0700 UTC;0;886,6;887,0;886,3;570,8;24,4;17,2;25,5;24,1;17,6;16,5;69;61;64;42;5,7;3,4;
2026/01/20;0800 UTC;0;887,0;887,4;886,9;1153,6;26,6;18,5;27,3;26,1;19,1;18,0;65;58;59;65;2,9;0,7;
2026/01/20;0900 UTC;0;887,3;887,9;886,8;1546,9;27,7;18,5;28,5;26,8;18,6;18,3;58;52;54;103;4,0;2,0;
2026/01/20;1000 UTC;0;888,2;888,6;888,0;1677,8;28,3;18,0;28,9;27,3;18,2;17,4;54;46;48;121;6,5;4,5;
2026/01/20;1100 UTC;0;889,2;889,5;889,1;2184,9;30,1;19,7;31,1;29,4;20,1;19,4;54;43;48;114;4,1;3,3;
2026/01/20;1200 UTC;0;889,6;890,1;889,2;1945,8;30,5;19,7;31,6;30,1;20,2;19,5;51;43;46;83;2,0;1,3;
2026/01/20;1300 UTC;0;889,8;889,9;889,2;2132,1;30,2;18,4;31,3;29,6;18,6;17,8;47;37;41;75;5,5;4,5;
2026/01/20;1400 UTC;0;889,9;890,4;889,5;1869,3;30,5;19,8;31,1;30,0;20,2;19,2;48;41;47;134;4,9;4,1;
2026/01/20;1500 UTC;0;888,9;889,3;888,7;1443,2;29,7;18,4;30,4;28,9;18,6;18,2;46;42;44;150;8,4;5,2;
2026/01/20;1600 UTC;0;888,1;888,4;887,8;1317,6;29,0;19,6;29,3;28,5;19,8;19,2;60;51;53;119;3,5;2,8;
2026/01/20;1700 UTC;0;887,3;887,8;886,9;644,0;27,4;17,9;27,6;26,7;18,3;17,3;59;50;53;125;4,2;1,7;
2026/01/20;1800 UTC;0;887,0;887,6;886,4;0,0;25,9;18,7;26,2;25,5;19,4;18,1;67;61;64;189;1,5;0,5;
2026/01/20;1900 UTC;0;886,4;886,9;886,2;;24,6;17,5;24,8;23,7;18,0;16,9;70;60;65;249;4,7;3,2;
2026/01/20;2000 UTC;0;886,8;886,9;886,7;;23,6;19,0;23,9;23,2;19,3;18,7;82;72;77;259;2,0;1,4;
2026/01/20;2100 UTC;47,4;887,5;887,9;887,0;;18,3;17,2;18,7;17,7;17,7;17,1;100;89;94;180;5,5;1,9;
2026/01/20;2200 UTC;0;888,5;888,8;888,0;;20,1;17,0;20,8;19,8;17,4;16,5;90;83;85;293;4,5;3,2;
2026/01/20;2300 UTC;0;888,9;889,5;888,5;;19,6;16,5;19,9;19,1;17,1;16,4;86;82;85;230;5,4;3,2;
2026/01/21;0000 UTC;0;889,4;889,6;888,9;;18,4;17,3;19,2;17,3;17,4;16,9;100;92;95;343;4,3;2,0;
2026/01/21;0100 UTC;0;889,6;890,1;889,5;;18,9;17,7;19,7;18,5;18,0;17,4;97;93;94;25;6,4;5,1;
2026/01/21;0200 UTC;0;889,7;889,8;889,5;;19,7;17,2;20,3;18,9;17,4;17,0;90;85;88;307;6,2;2,4;
2026/01/21;0300 UTC;0;889,0;889,1;888,6;;18,9;16,8;19,5;18,6;17,2;16,2;96;88;89;356;7,6;4,6;
2026/01/21;0400 UTC;0;888,2;888,3;887,7;;20,3;18,1;20,8;20,1;18,2;17,6;94;85;89;32;5,6;3,9;
2026/01/21;0500 UTC;0;887,3;887,5;886,9;;21,8;18,0;22,2;21,3;18,3;17,5;85;78;81;333;8,9;4,6;
2026/01/21;0600 UTC;0;886,4;886,7;886,1;0,0;22,7;17,4;23,3;22,2;17,6;16,9;79;69;73;342;7,1;3,7;
2026/01/21;0700 UTC;0;886,2;886,7;885,9;645,5;24,3;18,4;25,1;23,8;18,7;17,9;75;68;71;62;4,5;3,6;
2026/01/21;0800 UTC;0;886,5;886,8;886,0;1310,5;26,3;19,4;27,2;26,0;19,9;19,3;69;61;66;82;7,4;3,5;
2026/01/21;0900 UTC;0;887,4;887,9;887,1;1330,4;27,5;18,2;27,7;27,2;18,4;18,0;57;48;53;52;5,0;0,7;
2026/01/21;1000 UTC;0;888,2;888,8;887,9;2277,0;28,6;19,2;28,8;27,8;19,8;18,8;55;47;53;86;4,3;1,1;
2026/01/21;1100 UTC;0;888,7;889,1;888,1;2608,4;30,3;20,1;30,6;29,4;20,3;19,7;55;43;49;53;1,3;0,4;
2026/01/21;1200 UTC;0;889,6;890,1;889,3;1915,7;29,9;19,5;30,7;29,1;19,7;18,9;50;44;48;110;3,7;2,1;
2026/01/21;1300 UTC;0;890,0;890,3;889,6;2123,7;30,1;19,4;30,6;29,3;19,7;19,3;51;42;46;152;7,8;3,9;
2026/01/21;1400 UTC;0;889,7;889,9;889,1;2251,8;30,6;19,1;31,3;30,4;19,4;19,0;47;37;42;141;3,4;1,3;
2026/01/21;1500 UTC;0;888,8;889,3;888,4;1778,0;30,0;19,9;30,6;29,1;20,6;19,2;52;43;49;96;6,1;2,8;
2026/01/21;1600 UTC;0;888,3;888,5;887,9;981,8;28,2;18,4;29,2;27,3;18,7;17,9;58;48;51;160;7,2;4,6;
2026/01/21;1700 UTC;0;887,4;887,9;887,0;649,6;27,6;19,3;28,5;27,3;19,8;19,0;65;56;59;213;6,2;5,1;
2026/01/21;1800 UTC;0;886,8;887,0;886,3;0,0;26,0;19,0;26,7;25,0;19,5;18,9;69;61;65;155;7,3;3,6;
2026/01/21;1900 UTC;0;886,6;886,7;886,2;;24,8;19,1;25,4;24,3;19,6;18,9;76;65;72;191;8,8;4,4;
2026/01/21;2000 UTC;0;886,7;887,2;886,4;;22,9;18,5;23,9;22,3;18,9;17,8;82;75;78;259;3,0;0,8;
2026/01/21;2100 UTC;0;887,1;887,3;886,7;;22,3;17,8;23,3;21,3;18,2;17,3;81;73;78;197;6,0;4,2;
2026/01/21;2200 UTC;1,9;888,1;888,5;887,5;;18,6;18,4;19,1;18,2;19,0;17,9;100;97;99;263;5,9;4,7;
2026/01/21;2300 UTC;0;888,9;889,3;888,6;;19,2;17,4;19,5;18,2;17,8;16,7;96;86;91;220;8,1;4,3;
2026/01/22;0000 UTC;0;889,1;889,2;888,8;;18,1;16,4;18,5;17,9;17,1;15,8;95;89;91;345;8,0;3,8;
2026/01/22;0100 UTC;0;889,1;889,6;888,9;;17,2;15,8;17,5;16,7;16,2;15,6;99;88;93;331;8,8;4,5;
2026/01/22;0200 UTC;0;888,6;889,0;888,3;;18,2;17,6;19,2;17,2;18,1;17,0;100;90;97;15;8,0;5,2;
2026/01/22;0300 UTC;0;888,2;888,4;887,6;;18,2;16,5;18,8;17,5;16,9;16,3;95;86;92;60;6,6;2,3;
2026/01/22;0400 UTC;0;887,3;887,4;886,8;;19,3;17,1;20,0;18,4;17,7;16,9;92;84;89;60;7,4;3,1;
2026/01/22;0500 UTC;0;886,7;887,0;886,3;;21,3;18,7;21,7;20,3;19,3;18,3;90;84;87;5;3,9;2,0;
2026/01/22;0600 UTC;0;885,8;886,0;885,5;0,0;22,7;17,4;23,0;22,4;18,0;16,9;80;72;73;82;2,3;1,0;
2026/01/22;0700 UTC;0;885,6;886,1;885,4;674,8;23,1;17,3;23,4;22,4;17,7;17,0;77;69;71;56;3,1;2,2;
2026/01/22;0800 UTC;0;885,9;886,3;885,5;1396,3;25,3;18,9;25,7;24,7;19,1;18,6;73;62;68;34;6,6;2,6;
2026/01/22;0900 UTC;0;886,3;886,9;886,1;1552,7;26,8;18,6;27,5;26,1;18,8;18,3;66;53;59;53;6,3;4,8;
2026/01/22;1000 UTC;0;887,6;887,9;887,2;1629,7;27,5;18,5;28,1;26,4;18,7;18,4;61;50;55;122;7,6;3,0;
2026/01/22;1100 UTC;0;888,4;888,9;887,9;1788,9;29,1;19,9;30,0;28,9;20,1;19,2;56;49;54;156;7,8;5,0;
2026/01/22;1200 UTC;0;888,8;889,4;888,7;2405,7;29,3;18,1;30,1;28,4;18,5;17,5;46;39;44;108;6,3;2,4;
2026/01/22;1300 UTC;0;889,3;889,6;888,9;1930,6;29,6;19,5;30,3;28,6;20,1;19,0;52;43;50;159;6,1;4,2;
2026/01/22;1400 UTC;0;889,0;889,3;888,7;1658,7;29,9;20,1;31,0;29,7;20,4;19,7;57;45;51;126;6,0;2,5;
2026/01/22;1500 UTC;23,2;888,5;888,7;888,3;666,5;26,6;19,9;27,6;25,8;20,5;19,3;70;65;67;157;3,9;2,8;
2026/01/22;1600 UTC;0;887,3;887,6;887,2;1125,0;27,9;18,2;29,0;26,9;18,3;18,1;52;49;51;158;6,3;1,6;
2026/01/22;1700 UTC;0;886,3;886,7;886,0;630,4;26,5;17,6;27,3;25,6;17,8;17,0;62;49;56;154;4,9;1,5;
2026/01/22;1800 UTC;0;886,2;886,6;885,9;0,0;25,5;18,9;26,1;24,8;19,2;18,6;68;65;67;251;3,2;0,5;
2026/01/22;1900 UTC;0;885,6;885,9;885,5;;23,3;17,6;23,8;22,9;18,1;17,0;77;68;72;210;5,8;3,4;
2026/01/22;2000 UTC;0;885,8;886,0;885,4;;22,1;18,1;23,1;21,3;18,7;17,9;85;77;80;209;7,4;3,9;
2026/01/22;2100 UTC;0;886,4;886,6;886,2;;20,4;17,3;20,7;20,1;17,7;17,1;90;82;84;279;5,7;4,1;
2026/01/22;2200 UTC;0;887,5;887,9;887,1;;19,7;17,4;20,0;19,2;18,1;17,0;93;86;88;220;5,5;3,2;
2026/01/22;2300 UTC;0;888,4;888,7;887,9;;19,0;17,7;19,8;18,1;18,2;17,2;97;90;93;258;5,1;3,4;
2026/01/23;0000 UTC;0;888,0;888,3;887,5;;16,7;16,3;17,1;16,5;16,7;16,1;100;92;98;278;8,1;4,3;
2026/01/23;0100 UTC;0;888,4;888,6;887,9;;16,3;15,9;16,9;15,9;16,4;15,6;100;92;98;327;2,5;0,6;
2026/01/23;0200 UTC;0;887,9;888,2;887,6;;16,3;15,3;17,3;15,9;15,7;14,6;99;89;95;297;7,4;5,1;
2026/01/23;0300 UTC;0;887,7;887,8;887,5;;18,2;17,8;18,7;17,3;18,4;17,2;99;96;98;48;8,6;4,5;
2026/01/23;0400 UTC;0;886,8;887,4;886,3;;18,1;17,1;19,1;17,7;17,4;16,6;98;89;95;340;6,0;3,5;
2026/01/23;0500 UTC;0;886,0;886,5;885,6;;19,9;17,6;20,2;18,9;17,8;17,2;92;85;88;58;8,1;3,8;
2026/01/23;0600 UTC;0;885,0;885,5;884,8;0,0;21,1;17,0;21,9;20,4;17,4;16,7;81;77;80;86;5,8;4,2;
2026/01/23;0700 UTC;0;885,1;885,5;884,9;472,3;22,3;16,6;22,8;21,7;17,0;16,1;74;69;72;93;4,2;1,3;
2026/01/23;0800 UTC;0;885,2;885,5;884,6;1154,2;24,3;17,7;25,0;23,2;18,1;17,2;73;64;67;13;5,4;2,7;
2026/01/23;0900 UTC;0;886,0;886,5;885,4;1475,3;25,4;18,6;25,6;24,4;19,1;18,5;73;60;66;71;6,4;3,5;
2026/01/23;1000 UTC;0;886,6;887,1;886,1;2005,9;26,5;18,0;27,4;25,6;18,3;17,5;59;52;58;75;4,7;4,0;
2026/01/23;1100 UTC;0;887,3;887,9;887,1;1839,2;27,6;18,6;27,9;26,7;19,2;18,2;61;52;55;75;6,6;4,5;
2026/01/23;1200 UTC;0;888,2;888,4;887,9;2505,5;27,5;18,4;28,2;27,1;18,7;17,7;57;49;55;81;3,7;2,7;
2026/01/23;1300 UTC;0;888,3;888,5;888,1;2692,7;29,0;19,8;29,5;27,9;19,9;19,3;59;47;54;90;5,9;1,4;
2026/01/23;1400 UTC;0;888,1;888,2;887,5;2120,1;28,6;19,2;29,7;27,8;19,7;18,7;56;47;53;191;4,6;3,7;
2026/01/23;1500 UTC;0;887,4;887,6;886,9;1380,0;27,4;18,0;28,4;26,6;18,2;17,5;55;51;53;131;9,5;5,2;
2026/01/23;1600 UTC;0;886,6;886,8;886,2;1063,0;27,2;19,2;28,2;26,3;19,7;19,1;63;59;60;203;4,5;3,7;
2026/01/23;1700 UTC;0;885,7;886,0;885,3;486,3;25,1;16,8;25,8;24,2;17,1;16,4;61;54;59;198;6,0;3,6;
2026/01/23;1800 UTC;0;885,0;885,2;884,7;0,0;24,7;17,8;25,4;24,2;18,5;17,4;69;64;66;151;8,3;3,8;
2026/01/23;1900 UTC;40,0;885,0;885,3;884,7;;19,1;17,9;19,6;18,7;18,5;17,6;97;93;94;246;8,4;5,8;
2026/01/23;2000 UTC;0;884,9;885,0;884,7;;20,6;16,6;21,7;20,1;16,9;16,1;83;76;80;231;3,7;0,9;
2026/01/23;2100 UTC;0;885,7;885,9;885,1;;19,8;16,4;20,7;19,4;16,7;15,7;86;78;83;252;1,9;1,0;
2026/01/23;2200 UTC;0;886,9;887,0;886,4;;19,0;16,7;19,3;18,8;16,9;16,3;94;86;89;308;5,1;2,4;
2026/01/23;2300 UTC;0;887,2;887,8;886,7;;17,3;16,9;17,6;16,7;17,5;16,3;100;93;98;246;4,8;4,2;
2026/01/24;0000 UTC;0;887,4;887,7;887,1;;15,8;15,4;16,2;15,6;16,0;14,9;100;95;98;24;4,1;2,5;
2026/01/24;0100 UTC;0;888,0;888,5;887,7;;15,6;15,2;16,6;15,0;15,3;14,6;100;97;98;356;5,0;0,7;
2026/01/24;0200 UTC;0;887,6;887,8;887,4;;16,0;15,6;16,7;15,0;15,9;15,4;100;94;98;314;5,3;2,3;
2026/01/24;0300 UTC;0;886,8;887,2;886,4;;16,5;16,1;17,4;16,1;16,5;16,0;100;96;98;18;7,8;3,3;
2026/01/24;0400 UTC;0;886,4;886,9;886,2;;17,7;16,9;17,9;17,2;17,2;16,4;99;94;96;10;3,8;0,7;
2026/01/24;0500 UTC;0;885,3;885,7;884,9;;18,7;15,7;19,1;18,0;16,4;15,2;90;81;85;83;3,4;1,1;
2026/01/24;0600 UTC;0;884,6;885,1;884,1;0,0;20,2;16,8;20,6;19,2;17,2;16,5;85;81;83;358;8,0;5,0;
2026/01/24;0700 UTC;0;884,6;885,2;884,4;497,5;21,3;17,2;21,6;20,7;17,7;17,1;81;75;79;123;4,1;0,9;
2026/01/24;0800 UTC;0;884,7;885,1;884,5;906,7;23,8;17,3;24,1;22,9;17,5;16,9;73;66;67;41;5,1;1,6;
2026/01/24;0900 UTC;0;885,3;885,5;885,0;1670,8;25,5;18,4;26,5;24,6;18,5;18,1;66;61;64;98;5,6;3,2;
2026/01/24;1000 UTC;0;886,2;886,7;885,8;1601,7;25,8;17,5;26,6;24,8;17,9;17,2;61;52;59;121;2,6;2,0;
2026/01/24;1100 UTC;0;886,9;887,2;886,4;2665,8;27,6;18,1;28,1;27,3;18,8;17,4;56;47;52;125;3,5;1,2;
2026/01/24;1200 UTC;0;887,5;887,6;887,2;2768,9;27,7;18,7;28,7;26,9;19,3;18,1;56;51;55;152;6,1;1,8;
2026/01/24;1300 UTC;0;887,6;887,9;887,2;1821,3;27,5;18,0;28,0;26,8;18,5;17,4;55;48;52;89;4,1;2,9;
2026/01/24;1400 UTC;0;887,8;888,1;887,3;2345,4;27,4;18,3;27,9;26,4;18,5;17,6;60;48;54;164;8,0;3,9;
2026/01/24;1500 UTC;0;887,1;887,3;886,5;1687,1;27,1;18,4;27,7;26,1;19,0;18,3;59;53;57;160;7,3;4,2;
2026/01/24;1600 UTC;0;886,3;886,7;886,0;1346,8;25,7;18,1;26,5;25,3;18,7;17,9;68;57;62;149;4,3;3,6;
2026/01/24;1700 UTC;0;885,1;885,6;884,9;621,0;25,1;18,6;25,7;24,1;18,7;18,2;73;63;68;227;3,6;1,0;
2026/01/24;1800 UTC;0;884,8;885,3;884,5;0,0;23,6;18,1;24,4;23,2;18,4;17,9;76;69;73;152;4,3;1,5;
2026/01/24;1900 UTC;0;884,7;885,0;884,3;;22,5;18,3;22,7;21,9;18,5;17,9;84;74;79;275;3,4;2,7;
2026/01/24;2000 UTC;15,7;884,7;885,2;884,4;;16,6;16,4;16,9;15,9;16,7;16,2;100;97;99;277;6,3;2,7;
2026/01/24;2100 UTC;0;885,4;885,8;885,3;;18,9;17,0;19,3;18,6;17,5;16,8;97;86;90;244;2,9;0,9;
2026/01/24;2200 UTC;0;886,3;886,9;886,1;;17,6;16,8;18,7;16,8;17,1;16,5;100;94;96;301;6,2;2,3;
2026/01/24;2300 UTC;0;886,9;887,2;886,3;;17,3;16,5;17,6;16,3;16,8;16,3;98;94;96;296;7,5;2,9;
2026/01/25;0000 UTC;0;887,9;888,5;887,5;;17,1;16,7;17,9;16,6;16,9;16,3;100;95;98;15;4,6;0,8;
2026/01/25;0100 UTC;0;888,0;888,1;887,8;;16,2;15,8;16,5;15,2;16,0;15,6;100;92;98;20;7,2;3,3;
2026/01/25;0200 UTC;0;887,8;887,9;887,3;;16,6;16,0;17,5;16,3;16,3;15,7;100;95;97;328;5,6;0,9;
2026/01/25;0300 UTC;0;887,2;887,5;886,6;;17,3;16,9;18,2;16,3;17,6;16,6;100;95;98;51;2,3;1,3;
2026/01/25;0400 UTC;0;886,2;886,5;886,0;;17,4;15,5;18,1;16,4;15,8;14,8;97;88;90;49;5,7;2,1;
2026/01/25;0500 UTC;0;885,6;886,0;885,4;;19,4;17,8;20,3;18,4;18,3;17,6;96;90;92;92;3,4;1,4;
2026/01/25;0600 UTC;0;884,8;884,9;884,4;0,0;19,9;16,8;20,3;19,6;17,4;16,2;89;79;84;116;4,1;2,0;
2026/01/25;0700 UTC;0;884,5;885,1;884,2;631,0;22,4;17,0;22,7;22,0;17,7;16,7;79;69;73;95;5,7;4,0;
2026/01/25;0800 UTC;0;884,8;885,0;884,2;890,9;23,6;17,7;24,3;22,9;18,1;17,3;76;65;70;93;6,0;1,8;
2026/01/25;0900 UTC;0;885,5;885,9;885,2;1736,7;25,4;18,4;26,3;24,5;18,9;18,0;69;59;65;66;4,5;1,2;
2026/01/25;1000 UTC;0;886,0;886,2;885,8;1964,3;25,7;17,8;26,3;24,6;17,9;17,1;62;59;60;106;2,7;1,8;
2026/01/25;1100 UTC;0;887,1;887,7;886,7;1834,1;27,1;17,9;27,9;26,5;18,5;17,6;60;52;54;159;3,6;2,4;
2026/01/25;1200 UTC;0;887,6;888,1;887,3;2366,3;27,2;17,4;27,8;26,4;17,8;16,8;56;49;51;87;6,2;4,5;
2026/01/25;1300 UTC;0;888,0;888,3;887,6;2066,4;27,6;18,2;28,6;27,3;18,5;17,8;55;49;53;199;7,3;4,3;
2026/01/25;1400 UTC;0;887,9;888,4;887,5;1614,5;27,3;17,6;27,7;26,3;18,2;17,3;53;50;51;219;4,8;0,7;
2026/01/25;1500 UTC;0;886,9;887,4;886,4;;26,9;17,2;28,0;26,3;17,5;17,0;56;48;52;175;;;
2026/01/25;1600 UTC;0;886,2;886,7;885,6;948,8;26,0;18,0;26,9;25,8;18,3;17,5;62;57;60;166;4,1;2,9;
2026/01/25;1700 UTC;0;885,3;885,9;884,8;664,2;24,6;18,1;25,2;23,6;18,2;17,7;72;62;68;174;2,9;1,1;
2026/01/25;1800 UTC;0;884,6;884,8;884,5;0,0;23,9;18,2;24,7;22,8;18,4;17,7;74;68;72;196;7,7;4,1;
2026/01/25;1900 UTC;0;884,5;885,1;884,3;;21,9;17,7;22,7;21,6;18,2;17,4;82;76;79;279;7,7;4,0;
2026/01/25;2000 UTC;0;884,8;885,4;884,5;;20,0;17,2;21,0;19,1;17,6;16,6;92;82;86;194;6,6;5,1;
2026/01/25;2100 UTC;14,5;885,5;885,7;885,0;;17,0;16,8;17,3;16,6;17,4;16,1;100;97;99;203;5,6;1,8;
2026/01/25;2200 UTC;0;886,0;886,4;885,4;;18,1;16,6;19,1;17,6;17,0;16,5;98;90;93;319;5,3;1,3;
2026/01/25;2300 UTC;0;887,2;887,7;887,0;;16,6;16,0;17,3;15,5;16,4;15,4;100;92;97;238;5,1;1,4;
2026/01/26;0000 UTC;0;888,1;888,5;887,8;;17,7;16,4;18,6;16,7;16,5;16,2;96;88;93;28;1,9;1,4;
2026/01/26;0100 UTC;0;888,3;888,8;888,1;;16,5;15,8;17,6;15,9;16,1;15,3;100;93;96;14;7,0;3,5;
2026/01/26;0200 UTC;0;888,2;888,3;888,0;;17,7;17,1;18,6;16,9;17,4;16,8;100;93;97;59;4,4;1,9;
2026/01/26;0300 UTC;0;887,5;888,1;887,0;;17,2;16,4;18,2;16,4;16,6;16,0;99;90;96;1;9,5;4,9;
2026/01/26;0400 UTC;0;886,8;887,3;886,6;;18,9;17,4;19,8;18,6;17,7;17,3;97;87;93;42;7,3;3,6;
2026/01/26;0500 UTC;0;885,9;886,1;885,5;;19,9;17,3;20,3;19,4;17,9;17,1;89;85;87;0;7,3;3,6;
2026/01/26;0600 UTC;0;885,5;885,6;885,0;0,0;21,9;18,3;22,8;21,0;18,9;18,0;89;79;82;82;6,1;3,6;
2026/01/26;0700 UTC;0;885,0;885,1;884,7;545,1;22,8;17,2;23,3;22,2;17,9;16,7;73;70;72;100;5,1;2,1;
2026/01/26;0800 UTC;0;885,2;885,6;885,0;886,3;24,3;18,5;25,3;24,1;18,7;18,2;75;67;71;122;9,1;5,1;
2026/01/26;0900 UTC;0;885,7;886,1;885,4;1969,0;25,4;17,5;26,2;24,8;17,9;17,4;66;54;60;75;7,2;3,8;
2026/01/26;1000 UTC;0;886,7;886,9;886,6;1539,2;26,8;17,5;27,3;26,2;17,6;17,1;54;49;53;110;5,8;3,7;
2026/01/26;1100 UTC;0;887,6;887,9;887,2;2694,8;28,2;18,0;28,6;27,3;18,3;17,5;52;42;49;79;6,9;4,4;
2026/01/26;1200 UTC;0;888,1;888,5;887,9;2216,6;27,9;18,3;28,9;27,4;18,8;17,7;58;49;52;130;6,1;4,7;
2026/01/26;1300 UTC;0;888,4;888,9;888,3;2628,1;28,8;18,3;29,8;28,2;18,9;18,1;50;42;48;118;2,4;0,4;
2026/01/26;1400 UTC;0;888,3;888,9;888,1;1996,6;27,8;17,5;28,3;26,8;17,8;17,1;55;42;48;218;4,9;2,8;
2026/01/26;1500 UTC;0;887,6;887,8;887,2;1443,1;27,5;18,0;28,6;26,5;18,3;17,4;55;46;52;243;7,6;4,1;
2026/01/26;1600 UTC;0;886,8;887,3;886,4;1100,7;27,6;18,4;27,9;26,7;18,6;18,2;58;50;54;241;6,0;3,9;
2026/01/26;1700 UTC;20,7;886,1;886,3;885,5;254,9;22,3;18,4;22,6;21,3;18,6;17,9;85;75;81;213;7,7;3,1;
2026/01/26;1800 UTC;0;885,5;885,8;885,1;0,0;24,5;17,8;25,6;23,7;18,3;17,6;73;60;66;243;3,1;2,2;
2026/01/26;1900 UTC;0;885,3;885,6;885,1;;22,3;16,8;23,3;22,0;17,3;16,5;78;69;72;257;5,0;2,5;
2026/01/26;2000 UTC;0;885,6;885,7;885,2;;21,1;17,8;21,6;20,7;18,0;17,7;91;78;84;280;7,5;3,9;
2026/01/26;2100 UTC;0;886,1;886,4;885,5;;19,8;17,7;20,4;19,6;18,1;17,5;96;83;89;240;3,4;1,8;
2026/01/26;2200 UTC;1,5;887,0;887,5;886,5;;14,8;14,6;15,8;14,4;15,0;14,0;100;93;99;256;6,7;2,8;
2026/01/26;2300 UTC;0;887,9;888,3;887,6;;18,3;17,8;18,5;17,2;18,1;17,2;100;94;98;288;2,3;1,1;
2026/01/27;0000 UTC;0;888,9;889,3;888,8;;17,9;16,5;18,6;17,3;16,9;16,1;96;86;93;45;5,1;2,4;
2026/01/27;0100 UTC;0;889,4;889,6;889,3;;18,3;17,3;18,6;17,8;17,5;17,1;100;90;95;334;3,7;2,6;
2026/01/27;0200 UTC;0;889,0;889,2;888,6;;18,6;17,7;19,5;18,1;18,1;17,4;100;90;96;63;5,1;1,8;
2026/01/27;0300 UTC;0;888,6;889,1;888,1;;18,4;16,6;18,6;17,8;16,8;16,0;94;88;91;344;4,4;3,4;
2026/01/27;0400 UTC;0;887,5;887,8;887,0;;19,7;17,1;20,6;19,3;17,3;16,4;91;81;87;73;5,6;3,2;
2026/01/27;0500 UTC;0;886,6;886,9;886,0;;20,4;16,3;20,9;19,7;16,4;15,9;82;77;79;104;4,3;1,0;
2026/01/27;0600 UTC;0;886,3;886,5;886,1;0,0;22,2;18,0;22,8;21,3;18,3;17,7;86;75;79;74;7,2;3,0;
2026/01/27;0700 UTC;0;886,0;886,2;885,9;544,0;24,1;17,8;24,8;23,9;18,1;17,3;73;65;68;53;9,1;4,6;
2026/01/27;0800 UTC;0;886,0;886,5;885,5;1389,3;25,1;17,3;25,5;24,2;17,5;16,6;64;58;61;138;5,8;2,8;
2026/01/27;0900 UTC;0;886,6;886,9;886,2;1481,3;26,6;18,9;27,4;26,3;19,5;18,2;64;55;61;57;5,7;3,9;
2026/01/27;1000 UTC;0;887,5;887,7;887,3;2178,4;28,3;18,9;29,0;28,0;19,3;18,7;56;49;53;155;3,0;0,6;
2026/01/27;1100 UTC;0;888,6;889,1;888,5;1857,9;28,9;19,4;29,7;27,9;20,0;18,8;58;46;53;182;4,1;2,0;
2026/01/27;1200 UTC;0;889,1;889,2;888,7;2450,5;29,4;18,8;30,0;28,7;19,3;18,4;51;41;47;129;6,0;1,3;
2026/01/27;1300 UTC;0;889,4;889,9;889,0;2680,2;29,7;19,2;30,0;28,6;19,8;18,7;52;45;47;215;7,5;4,0;
2026/01/27;1400 UTC;0;888,9;889,2;888,4;2008,8;29,3;18,4;30,0;28,4;18,7;18,3;51;39;45;129;7,3;3,8;
2026/01/27;1500 UTC;0;888,5;888,6;888,0;1953,1;28,9;19,0;29,7;27,9;19,1;18,5;53;43;50;190;4,0;0,9;
2026/01/27;1600 UTC;0;887,8;888,0;887,2;1180,4;27,6;18,0;28,3;27,2;18,2;17,7;54;50;52;224;4,3;2,7;
2026/01/27;1700 UTC;0;886,9;887,1;886,6;577,2;26,4;18,7;27,2;25,4;18,9;18,3;63;58;62;231;7,4;4,9;
2026/01/27;1800 UTC;10,4;885,9;886,1;885,4;0,0;21,9;17,6;22,6;21,7;18,0;17,2;80;76;79;185;5,3;4,1;
2026/01/27;1900 UTC;0;885,9;886,5;885,4;;24,5;18,2;25,0;23,6;18,8;17,9;75;65;68;202;4,4;2,2;
2026/01/27;2000 UTC;0;886,3;886,7;886,1;;21,8;17,4;22,8;21,2;17,8;17,1;80;76;78;211;2,8;0,9;
2026/01/27;2100 UTC;0;886,7;887,1;886,5;;21,7;17,8;22,5;21,4;18,3;17,6;84;80;81;251;4,8;0,6;
2026/01/27;2200 UTC;16,4;887,7;887,9;887,6;;16,6;16,4;17,5;15,5;16,8;15,7;100;98;99;268;7,1;3,0;
2026/01/27;2300 UTC;0;888,2;888,4;887,8;;19,2;16,6;20,0;18,3;16,8;15,9;93;81;87;328;5,0;2,9;
2026/01/28;0000 UTC;0;889,6;889,8;889,1;;19,5;17,3;20,0;19,0;17,7;16,7;94;84;89;20;4,4;0,8;
2026/01/28;0100 UTC;0;889,8;890,2;889,4;;19,5;17,2;19,8;19,2;17,9;17,1;90;84;89;8;8,0;4,5;
2026/01/28;0200 UTC;0;889,4;889,7;889,0;;18,9;17,7;19,2;17,8;18,3;17,1;96;92;94;85;2,8;1,7;
2026/01/28;0300 UTC;0;889,0;889,6;888,7;;19,5;17,8;20,0;18,6;18,4;17,7;96;86;92;11;7,9;3,7;
2026/01/28;0400 UTC;0;888,0;888,6;887,7;;20,3;17,7;20,7;19,8;18,1;17,6;93;83;87;16;5,9;3,1;
2026/01/28;0500 UTC;0;887,5;887,8;887,3;;21,3;17,5;22,1;20,6;18,1;17,0;87;76;81;78;5,6;3,8;
2026/01/28;0600 UTC;0;886,8;887,2;886,4;0,0;23,5;17,5;24,0;22,8;17,7;16,8;72;66;70;105;3,4;1,1;
2026/01/28;0700 UTC;0;886,6;886,9;886,2;706,6;25,3;19,2;25,7;24,6;19,8;18,7;76;67;70;132;8,5;5,0;
2026/01/28;0800 UTC;0;886,8;887,0;886,5;1332,2;26,6;19,6;27,6;25,6;20,3;19,0;71;61;65;57;4,6;4,1;
2026/01/28;0900 UTC;0;887,2;887,5;886,9;1493,8;27,4;18,7;28,2;27,1;19,0;18,5;58;52;56;125;7,3;3,8;
2026/01/28;1000 UTC;0;888,3;888,8;888,1;2207,6;29,0;19,5;29,6;28,4;19,9;19,1;59;50;52;164;8,9;4,4;
2026/01/28;1100 UTC;0;889,2;889,6;889,0;2679,8;30,4;19,5;30,6;29,5;19,9;19,4;51;44;46;200;5,3;1,0;
2026/01/28;1200 UTC;0;889,4;889,6;889,1;2231,0;30,1;18,9;30,5;29,3;19,1;18,4;51;43;44;130;6,7;4,8;
2026/01/28;1300 UTC;0;889,8;890,1;889,7;2653,7;30,2;18,6;30,9;29,8;19,2;18,0;45;41;42;208;1,7;0,5;
2026/01/28;1400 UTC;0;889,7;889,9;889,4;1756,7;29,9;18,3;30,2;29,5;18,9;17,8;45;38;42;216;7,5;4,8;
2026/01/28;1500 UTC;0;889,0;889,4;888,6;1924,4;30,2;19,2;30,6;29,5;19,8;19,0;46;39;45;163;5,8;1,6;
2026/01/28;1600 UTC;0;888,3;888,9;887,9;991,2;29,5;19,6;29,7;29,2;20,2;19,2;52;47;51;173;8,7;4,0;
2026/01/28;1700 UTC;0;887,3;887,9;887,2;508,4;27,5;17,9;27,9;26,7;18,0;17,3;57;47;52;171;1,6;0,7;
2026/01/28;1800 UTC;0;886,6;886,7;886,1;0,0;26,9;19,4;27,6;26,6;19,5;19,0;68;58;63;240;3,7;0,6;
2026/01/28;1900 UTC;10,3;886,3;886,5;885,9;;21,7;17,8;22,6;20,9;18,1;17,7;86;75;81;220;6,4;2,2;
2026/01/28;2000 UTC;0;886,9;887,1;886,5;;23,8;18,1;24,4;23,1;18,6;17,6;75;65;71;303;5,0;3,9;
2026/01/28;2100 UTC;0;887,2;887,7;887,0;;21,4;16,7;21,7;20,4;17,1;16,5;80;73;76;240;3,3;2,2;
2026/01/28;2200 UTC;0;888,1;888,6;887,7;;20,0;17,4;20,6;19,7;17,8;17,3;90;85;87;324;5,0;2,6;
2026/01/28;2300 UTC;0;889,3;889,5;888,7;;20,2;17,8;20,5;19,7;18,2;17,4;92;82;88;281;8,1;5,1;
2026/01/29;0000 UTC;0;889,7;890,0;889,5;;19,1;16,7;20,0;18,0;16,8;16,4;91;85;88;63;5,6;2,0;
2026/01/29;0100 UTC;0;890,2;890,5;890,0;;18,7;16,3;19,7;17,6;16,7;16,2;90;86;88;36;1,6;0,7;
2026/01/29;0200 UTC;0;889,8;890,1;889,4;;18,6;16,1;19,2;18,0;16,7;15,9;92;81;88;3;2,4;1,7;
2026/01/29;0300 UTC;0;889,3;889,4;889,1;;19,5;16,4;20,2;18,9;17,0;15,9;88;82;84;93;6,2;3,6;
2026/01/29;0400 UTC;0;888,3;888,9;888,1;;20,7;16,8;21,7;19,7;17,1;16,6;83;78;80;82;4,8;2,5;
2026/01/29;0500 UTC;0;887,2;887,5;886,8;;21,5;17,3;22,0;20,5;17,8;16,6;85;72;79;124;6,8;2,5;
2026/01/29;0600 UTC;0;886,8;887,0;886,7;0,0;23,6;18,8;24,1;23,0;19,0;18,4;79;71;76;97;3,9;1,2;
2026/01/29;0700 UTC;0;886,5;887,0;886,0;700,2;24,7;17,9;25,6;24,2;18,6;17,4;73;65;66;98;3,1;1,4;
2026/01/29;0800 UTC;0;886,9;887,0;886,5;1292,1;26,6;18,8;27,2;26,0;19,4;18,3;64;58;61;89;4,8;1,6;
2026/01/29;0900 UTC;0;887,3;887,7;886,9;1788,6;27,5;18,9;28,5;26,7;19,3;18,6;62;53;57;105;6,5;4,6;
2026/01/29;1000 UTC;0;888,5;888,7;888,0;2352,4;29,1;18,9;30,0;28,0;19,6;18,8;53;44;49;157;6,4;2,4;
2026/01/29;1100 UTC;0;889,2;889,5;888,9;1818,6;29,5;19,2;30,5;29,3;19,4;19,1;50;44;48;194;5,3;2,5;
2026/01/29;1200 UTC;0;889,9;890,4;889,4;2462,8;30,8;18,9;31,1;30,1;19,0;18,5;46;36;41;222;3,8;2,7;
2026/01/29;1300 UTC;0;890,0;890,6;889,8;2037,4;30,9;19,4;31,1;29,9;19,6;19,0;48;41;43;146;8,0;4,2;
2026/01/29;1400 UTC;0;889,9;890,1;889,3;2016,6;30,6;19,7;31,2;30,1;19,9;19,5;49;43;46;183;4,5;1,0;
2026/01/29;1500 UTC;7,7;889,3;889,5;889,2;617,8;26,9;19,8;27,3;26,1;20,2;19,2;69;60;64;210;5,3;4,8;
2026/01/29;1600 UTC;0;888,1;888,5;887,8;1345,8;28,9;19,7;29,2;28,3;20,1;19,3;61;49;54;214;8,3;4,8;
2026/01/29;1700 UTC;0;887,5;887,9;887,0;603,4;28,3;19,5;28,6;27,5;19,7;19,4;62;54;56;178;3,6;1,6;
2026/01/29;1800 UTC;0;886,9;887,4;886,8;0,0;26,1;18,3;26,9;25,2;19,0;18,0;66;55;61;230;2,5;0,3;
2026/01/29;1900 UTC;0;886,6;887,1;886,5;;24,3;18,2;25,1;23,8;18,8;17,6;76;67;70;291;2,5;0,6;
2026/01/29;2000 UTC;10,5;886,6;886,8;886,0;;20,1;17,7;21,1;19,4;18,0;17,6;95;82;88;319;5,4;4,2;
2026/01/29;2100 UTC;9,0;887,2;887,4;886,9;;17,6;16,7;18,0;16,8;17,0;16,5;99;93;95;276;9,1;5,4;
2026/01/29;2200 UTC;0;888,4;888,6;888,1;;21,4;18,5;22,0;21,1;19,2;18,1;93;80;86;286;6,2;4,9;
2026/01/29;2300 UTC;0;889,1;889,3;888,6;;19,4;16,4;20,3;18,7;16,5;16,1;90;81;85;298;5,6;4,8;
2026/01/30;0000 UTC;0;889,1;889,5;888,9;;19,1;18,4;19,7;18,2;18,8;18,0;99;95;96;47;6,8;2,5;
2026/01/30;0100 UTC;0;889,4;889,6;889,2;;17,8;16,1;18,4;17,4;16,7;16,0;94;87;91;339;7,7;3,4;
2026/01/30;0200 UTC;0;889,1;889,3;888,9;;18,5;16,7;18,9;17,5;17,0;16,5;97;89;91;38;5,5;2,5;
2026/01/30;0300 UTC;0;888,5;889,0;887,9;;19,6;17,6;19,9;19,0;17,9;17,3;92;83;90;8;4,9;3,7;
2026/01/30;0400 UTC;0;887,8;888,2;887,4;;20,3;18,0;20,6;19,3;18,7;17,4;92;86;88;119;5,4;4,0;
2026/01/30;0500 UTC;0;887,0;887,5;886,9;;21,3;17,5;22,1;20,9;18,0;17,0;85;76;81;48;8,5;4,8;
2026/01/30;0600 UTC;0;886,2;886,6;885,8;0,0;22,2;16,7;22,5;21,6;17,0;16,5;77;66;73;106;3,3;1,6;
2026/01/30;0700 UTC;0;886,3;886,7;886,2;485,0;24,0;17,7;24,2;23,0;18,2;17,2;71;67;68;59;5,6;2,0;
2026/01/30;0800 UTC;0;886,2;886,7;885,7;1296,2;25,5;18,5;26,2;24,5;18,6;17,8;71;63;65;147;4,6;4,0;
2026/01/30;0900 UTC;0;886,9;887,1;886,7;1491,8;26,7;17,5;27,0;26,0;18,1;16,8;55;48;54;190;7,2;5,1;
2026/01/30;1000 UTC;0;888,0;888,3;887,5;2295,1;28,8;18,6;29,0;27,7;18,8;18,1;50;43;49;196;4,9;0,3;
2026/01/30;1100 UTC;0;888,7;889,0;888,3;2357,9;29,4;19,3;29,8;29,2;19,8;18,7;52;45;50;216;3,8;2,0;
2026/01/30;1200 UTC;0;889,1;889,3;888,5;2556,5;29,8;18,5;30,3;29,6;18,6;18,2;49;39;43;196;6,4;4,1;
2026/01/30;1300 UTC;0;889,4;889,6;889,0;2613,5;30,4;18,9;30,7;30,0;19,6;18,5;47;39;42;148;5,1;0,8;
2026/01/30;1400 UTC;0;889,3;889,7;889,0;2341,9;29,1;19,1;29,5;28,3;19,8;19,0;56;47;50;226;3,9;3,1;
2026/01/30;1500 UTC;0;888,8;889,2;888,3;1416,8;29,8;19,2;30,4;28,9;19,5;18,9;53;41;47;183;6,6;3,4;
2026/01/30;1600 UTC;19,3;888,0;888,5;887,4;502,5;24,6;18,7;24,9;24,1;19,1;18,3;74;69;71;256;6,8;2,6;
2026/01/30;1700 UTC;0;887,0;887,5;886,5;555,5;26,5;18,2;26,8;25,5;18,5;17,8;61;51;58;293;2,8;1,4;
2026/01/30;1800 UTC;10,2;886,1;886,2;885,8;0,0;23,5;19,7;24,0;22,9;20,3;19,4;84;80;81;254;9,3;6,3;
2026/01/30;1900 UTC;0;885,9;886,4;885,6;;24,4;18,6;24,9;24,0;19,1;18,5;74;67;71;217;5,8;2,4;
2026/01/30;2000 UTC;0;886,3;886,5;886,1;;22,5;16,9;22,9;22,0;17,2;16,7;77;67;72;234;5,9;2,0;
2026/01/30;2100 UTC;0;886,9;887,3;886,8;;21,0;17,8;21,8;20,5;18,4;17,1;88;83;84;285;6,3;3,5;
2026/01/30;2200 UTC;0;887,6;887,7;887,3;;20,6;17,7;21,5;19,7;18,3;17,4;92;81;85;264;2,1;0,3;
2026/01/30;2300 UTC;0;888,4;888,6;887,9;;19,7;17,5;20,7;19,5;18,2;17,3;95;86;89;309;7,1;5,1;
2026/01/31;0000 UTC;0;888,6;888,7;888,4;;17,9;17,2;18,9;16,9;17,5;16,8;97;93;96;25;3,1;1,4;
2026/01/31;0100 UTC;0;888,6;889,1;888,0;;17,7;16,8;18,0;17,3;17,1;16,1;100;89;95;85;6,8;3,0;
2026/01/31;0200 UTC;0;888,3;888,8;888,0;;17,7;17,3;18,4;16,7;17,7;16,9;100;94;98;19;2,4;1,8;
2026/01/31;0300 UTC;0;888,1;888,3;887,5;;18,5;17,8;18,9;17,9;18,5;17,2;99;95;96;74;3,3;0,8;
2026/01/31;0400 UTC;0;887,2;887,3;886,9;;19,3;16,9;19,8;19,1;17,2;16,3;91;83;88;75;1,8;0,6;
2026/01/31;0500 UTC;0;886,2;886,6;885,8;;20,1;17,0;20,9;19,6;17,6;16,4;86;79;85;46;8,3;5,1;
2026/01/31;0600 UTC;0;885,7;886,0;885,1;0,0;21,1;16,8;21,9;20,1;17,1;16,2;80;72;79;82;9,2;4,7;
2026/01/31;0700 UTC;0;885,4;885,6;885,0;477,5;22,6;17,0;23,5;21,7;17,3;16,6;74;70;72;116;7,4;2,8;
2026/01/31;0800 UTC;0;885,3;885,6;885,0;1300,2;24,7;18,4;25,1;24,3;19,0;18,1;74;64;68;189;3,3;1,5;
2026/01/31;0900 UTC;0;886,3;886,4;885,8;1593,2;25,9;18,5;26,2;24,8;18,9;18,0;65;56;63;90;5,8;4,3;
2026/01/31;1000 UTC;0;886,9;887,1;886,5;1962,9;26,7;17,7;27,6;25,8;17,8;17,2;56;51;55;101;4,5;1,6;
2026/01/31;1100 UTC;0;887,9;888,1;887,7;2519,2;28,3;18,2;28,7;28,1;18,8;17,7;53;45;49;110;5,5;2,3;
2026/01/31;1200 UTC;0;888,2;888,7;887,9;1883,8;28,6;19,0;29,0;27,8;19,5;18,6;57;46;52;160;2,6;1,5;
2026/01/31;1300 UTC;0;888,9;889,4;888,5;1876,5;29,3;18,7;29,8;28,5;19,3;18,3;49;40;47;231;2,8;1,8;
2026/01/31;1400 UTC;0;888,4;888,6;888,1;1913,6;28,6;17,9;29,2;28,3;18,3;17,3;53;44;46;211;2,3;1,7;
2026/01/31;1500 UTC;0;888,0;888,5;887,9;1649,5;28,1;19,2;28,6;27,4;19,5;19,0;57;49;55;177;6,4;1,9;
2026/01/31;1600 UTC;0;887,1;887,4;886,8;1204,6;27,9;19,2;28,3;27,6;19,4;18,9;58;54;57;290;5,4;4,6;
2026/01/31;1700 UTC;0,7;886,0;886,4;885,9;175,7;22,5;17,7;22,9;22,3;17,9;17,1;80;70;76;230;5,4;4,1;
2026/01/31;1800 UTC;0;885,7;885,9;885,5;0,0;25,0;18,6;25,5;24,2;18,8;18,2;73;67;68;226;6,7;3,5;
2026/01/31;1900 UTC;0;885,4;885,6;885,0;;23,6;18,3;23,9;22,6;18,6;17,7;80;72;74;270;2,1;0,3;
2026/01/31;2000 UTC;0;885,7;886,2;885,4;;22,0;17,2;23,0;20,9;17,4;16,9;83;74;76;338;7,2;3,7;
2026/01/31;2100 UTC;0;885,9;886,3;885,3;;20,4;17,9;21,3;19,8;18,1;17,8;91;84;87;329;7,1;3,0;
2026/01/31;2200 UTC;0;887,0;887,2;886,4;;18,8;16,1;19,1;18,2;16,2;15,6;93;81;86;255;5,8;1,2;
2026/01/31;2300 UTC;0;887,7;888,0;887,4;;18,6;16,9;18,9;18,1;17,3;16,6;97;87;92;314;6,7;2,0;
2026/02/01;0000 UTC;0;887,8;888,0;887,6;;16,3;15,9;16,6;15,4;16,1;15,8;100;95;98;6;5,2;4,6;
2026/02/01;0100 UTC;0;887,9;888,5;887,5;;16,2;15,7;16,8;15,2;15,9;15,1;100;92;98;33;2,9;0,9;
2026/02/01;0200 UTC;0;888,0;888,4;887,7;;16,2;15,8;16,8;15,2;16,0;15,6;100;95;98;69;7,5;4,6;
2026/02/01;0300 UTC;0;886,9;887,4;886,7;;17,0;15,8;17,3;16,2;16,4;15,1;97;88;94;56;3,4;0,8;
2026/02/01;0400 UTC;0;886,2;886,7;885,7;;18,1;16,4;18,5;17,1;16,7;16,2;98;89;91;51;9,0;4,4;
2026/02/01;0500 UTC;0;885,4;885,9;885,1;;18,7;15,7;19,3;17,7;16,3;15,1;90;80;85;63;3,0;1,2;
2026/02/01;0600 UTC;0;884,7;885,2;884,2;0,0;20,2;16,9;20,6;19,3;17,5;16,6;89;81;83;162;1,8;1,0;
2026/02/01;0700 UTC;0;884,7;884,9;884,4;657,2;21,8;16,3;22,7;21,3;16,7;15,6;75;69;72;163;6,4;4,5;
2026/02/01;0800 UTC;0;884,7;885,3;884,3;1253,4;23,2;16,4;24,3;22,5;16,9;16,1;68;59;66;168;1,3;0,5;
2026/02/01;0900 UTC;0;885,4;885,9;885,1;1587,8;24,8;17,8;25,3;23,8;18,0;17,6;68;59;65;179;6,4;3,3;
2026/02/01;1000 UTC;0;886,5;886,8;886,0;1942,1;26,0;17,3;26,3;25,8;17,8;17,2;60;54;56;210;6,2;3,2;
2026/02/01;1100 UTC;0;887,3;887,9;887,0;1777,0;26,9;17,6;27,7;26,3;18,1;17,1;57;52;54;194;5,5;3,8;
2026/02/01;1200 UTC;0;887,9;888,4;887,5;2688,0;28,1;19,1;28,4;27,9;19,5;18,6;61;52;55;179;6,6;3,2;
2026/02/01;1300 UTC;0;888,2;888,7;888,0;1824,5;28,7;19,4;29,1;27,8;19,9;18,9;57;47;54;146;6,6;3,3;
2026/02/01;1400 UTC;0;887,9;888,1;887,4;2352,6;28,5;19,8;28,7;28,1;20,4;19,3;61;50;57;233;5,5;2,6;
2026/02/01;1500 UTC;0;887,3;887,6;886,8;1890,9;27,2;17,5;27,7;26,5;18,2;17,1;55;50;52;265;3,8;2,1;
2026/02/01;1600 UTC;0;886,5;886,8;886,4;1175,0;25,7;17,6;26,3;25,0;17,8;17,3;63;54;59;282;7,0;3,3;
2026/02/01;1700 UTC;0;885,4;885,6;885,1;716,3;25,4;17,9;25,8;24,6;18,0;17,6;69;61;62;250;9,6;5,2;
2026/02/01;1800 UTC;46,4;885,0;885,3;884,9;0,0;19,8;17,7;20,8;19,1;18,1;17,4;92;86;90;264;5,6;1,9;
2026/02/01;1900 UTC;0;884,4;884,6;884,2;;22,0;16,7;22,8;21,6;17,0;16,6;75;71;74;276;4,3;0,6;
2026/02/01;2000 UTC;0;884,7;885,2;884,5;;20,6;17,0;21,5;20,0;17,4;16,8;86;80;82;270;8,3;4,0;
2026/02/01;2100 UTC;0;885,7;885,9;885,1;;19,9;17,7;20,9;19,6;18,3;17,4;91;86;89;289;5,9;3,5;
2026/02/01;2200 UTC;9,8;886,3;886,7;885,9;;14,3;14,1;15,0;13,9;14,6;13,9;100;98;99;330;10,6;6,5;
2026/02/01;2300 UTC;0;887,2;887,7;886,7;;17,6;17,2;18,5;17,3;17,4;16,8;100;91;98;300;6,1;4,7;
2026/02/02;0000 UTC;0;887,5;888,0;887,2;;16,1;15,7;17,1;15,3;16,4;15,2;100;91;98;5;6,8;3,3;
2026/02/02;0100 UTC;0;887,8;888,1;887,3;;16,7;16,3;17,7;16,5;16,8;16,0;100;94;98;54;5,2;2,0;
2026/02/02;0200 UTC;0;887,4;887,9;886,9;;16,0;15,6;16,7;15,4;16,2;15,3;100;92;98;46;7,7;4,7;
2026/02/02;0300 UTC;0;887,1;887,6;887,0;;17,2;16,8;17,5;16,7;17,3;16,6;100;92;98;115;8,2;5,0;
2026/02/02;0400 UTC;0;886,3;886,6;886,0;;17,3;16,9;17,8;16,8;17,2;16,3;100;95;98;49;4,9;1,2;
2026/02/02;0500 UTC;0;885,3;885,6;885,2;;18,6;17,2;19,1;18,0;17,7;16,8;98;88;93;89;6,8;3,6;
2026/02/02;0600 UTC;0;884,6;884,9;884,4;0,0;20,2;17,6;20,9;19,1;18,3;17,0;94;85;87;95;2,9;1,6;
2026/02/02;0700 UTC;0;884,4;884,8;884,2;704,2;22,1;17,7;22,4;21,2;17,9;17,3;83;73;78;178;6,9;2,9;
2026/02/02;0800 UTC;0;884,7;884,9;884,6;1218,2;23,2;17,0;24,1;22,9;17,3;16,3;71;67;69;177;2,5;1,8;
2026/02/02;0900 UTC;0;885,3;885,5;884,8;1310,2;24,3;16,7;25,3;23,6;16,9;16,1;66;56;62;121;7,7;5,1;
2026/02/02;1000 UTC;0;886,2;886,3;885,7;1776,4;25,4;18,1;26,0;24,6;18,6;18,0;65;58;63;129;2,2;1,6;
2026/02/02;1100 UTC;0;887,1;887,4;886,5;2509,0;27,5;18,1;27,7;27,0;18,8;17,6;57;49;53;145;5,8;1,4;
2026/02/02;1200 UTC;0;887,6;888,1;887,5;1929,7;27,2;17,6;27,5;26,3;18,1;17,4;55;50;52;178;6,3;4,2;
2026/02/02;1300 UTC;0;888,0;888,5;887,4;2179,3;28,1;18,3;28,7;27,2;19,0;18,0;52;48;51;225;4,7;1,2;
2026/02/02;1400 UTC;0;887,7;888,3;887,5;2273,1;28,0;18,2;28,4;26,9;18,4;18,0;52;45;51;201;8,2;4,3;
2026/02/02;1500 UTC;0;887,1;887,7;887,0;1966,0;26,4;17,2;27,4;25,7;17,6;16,6;60;53;54;284;6,1;4,2;
2026/02/02;1600 UTC;0;886,1;886,4;885,8;1330,8;25,8;18,5;26,2;24,8;19,2;17,9;66;59;64;228;3,2;2,5;
2026/02/02;1700 UTC;0;885,2;885,7;884,9;650,0;25,4;17,7;26,4;24,9;18,3;17,4;68;59;62;246;4,5;0,9;
2026/02/02;1800 UTC;0;884,4;884,6;884,2;0,0;22,8;17,1;23,7;22,3;17,4;16,6;73;67;72;219;2,7;0,9;
2026/02/02;1900 UTC;0;884,2;884,7;883,6;;22,4;17,6;23,4;22,2;17,9;17,3;77;74;76;331;4,5;3,1;
2026/02/02;2000 UTC;0;884,7;884,9;884,3;;19,9;16,5;20,8;18,9;16,8;16,0;84;76;83;269;;;
2026/02/02;2100 UTC;0;885,4;885,7;884,8;;19,5;16,7;20,4;18,5;17,0;16,0;92;83;86;338;7,0;4,8;
2026/02/02;2200 UTC;22,7;886,0;886,4;885,7;;15,3;15,1;16,1;14,6;15,6;14,6;100;93;99;311;5,1;3,2;
2026/02/02;2300 UTC;0;886,9;887,4;886,4;;17,1;16,0;17,5;16,1;16,7;15,6;100;91;95;15;8,5;4,5;
2026/02/03;0000 UTC;0;887,8;888,3;887,5;;17,2;16,8;18,2;16,1;17,4;16,3;99;97;98;9;6,7;3,6;
2026/02/03;0100 UTC;0;888,0;888,6;887,6;;15,9;15,5;16,3;15,7;15,7;15,2;100;96;98;4;5,5;1,7;
2026/02/03;0200 UTC;0;887,9;888,0;887,3;;17,1;16,7;18,0;16,5;16,8;16,2;100;96;98;23;6,0;1,9;
2026/02/03;0300 UTC;0;887,4;887,8;887,0;;17,6;16,7;18,5;16,7;17,3;16,4;97;90;96;119;6,7;2,9;
2026/02/03;0400 UTC;0;886,4;886,9;886,2;;17,8;15,9;18,9;17,1;16,2;15,5;94;88;90;55;4,8;1,4;
2026/02/03;0500 UTC;0;885,4;885,6;885,1;;20,2;17,8;20,4;19,9;18,5;17,5;92;84;88;62;4,5;0,6;
2026/02/03;0600 UTC;0;884,8;885,3;884,4;0,0;20,3;16,3;20,5;20,0;16,9;16,1;85;79;80;136;4,9;2,4;
2026/02/03;0700 UTC;0;884,8;885,3;884,4;704,6;22,5;17,5;23,0;21,6;18,0;16,9;77;69;75;148;5,1;3,8;
2026/02/03;0800 UTC;0;885,1;885,7;884,7;1234,4;23,9;18,2;24,6;23,6;18,5;17,7;73;67;72;129;7,1;3,1;
2026/02/03;0900 UTC;0;885,8;886,1;885,6;1809,5;25,8;18,1;26,3;25,4;18,6;17,8;65;57;62;166;3,6;2,3;
2026/02/03;1000 UTC;0;886,3;886,8;886,1;2289,0;25,9;18,2;26,4;25,7;18,9;17,9;64;59;62;209;5,4;1,8;
2026/02/03;1100 UTC;0;887,5;888,1;886,9;2678,0;27,0;18,2;27,6;26,0;18,8;17,7;59;53;56;154;2,3;1,0;
2026/02/03;1200 UTC;0;888,1;888,4;887,9;2193,5;27,9;17,6;28,8;26,9;17,9;17,2;51;43;49;227;5,9;3,2;
2026/02/03;1300 UTC;0;888,3;888,5;888,0;2052,6;28,1;19,0;28,6;27,3;19,3;18,8;59;49;54;188;5,9;4,3;
2026/02/03;1400 UTC;0;887,9;888,5;887,4;1872,4;27,5;18,6;28,3;27,0;18,9;18,1;60;52;56;277;5,4;1,5;
2026/02/03;1500 UTC;16,8;887,2;887,6;886,8;645,7;23,6;18,3;24,6;23,3;18,9;18,1;78;67;73;289;3,4;2,5;
2026/02/03;1600 UTC;0;886,3;886,5;885,7;1087,4;27,0;18,3;27,2;26,3;18,6;17,7;62;54;57;265;5,3;2,6;
2026/02/03;1700 UTC;0;885,8;886,2;885,3;677,9;24,7;17,3;25,3;24,2;17,5;16,7;68;61;63;284;6,0;4,9;
2026/02/03;1800 UTC;0;885,1;885,3;884,8;0,0;24,0;17,6;24,6;23,2;18,2;17,1;74;64;68;223;5,5;1,3;
2026/02/03;1900 UTC;0;884,9;885,3;884,5;;22,0;17,6;23,0;21,2;18,3;17,4;80;74;78;284;1,6;1,1;
2026/02/03;2000 UTC;0;884,8;885,3;884,6;;20,7;16,3;21,2;19,6;16,9;15,9;85;73;78;303;7,6;4,2;
2026/02/03;2100 UTC;0;885,8;886,1;885,4;;19,3;16,2;20,0;18,8;16,3;16,0;90;81;84;276;3,2;0,6;
2026/02/03;2200 UTC;0;886,5;886,9;886,0;;18,7;17,2;19,7;18,3;17,6;17,0;97;91;93;31;4,0;3,2;
2026/02/03;2300 UTC;0;887,5;887,7;887,0;;17,7;17,3;18,4;17,4;17,7;16,7;100;93;98;353;6,8;3,8;
2026/02/04;0000 UTC;0;888,7;889,0;888,2;;17,8;16,7;18,3;17,0;17,2;16,3;98;91;95;71;7,7;3,1;
2026/02/04;0100 UTC;0;889,0;889,1;888,8;;17,3;16,4;17,7;16,9;16,6;16,1;100;94;96;15;5,3;4,3;
2026/02/04;0200 UTC;0;888,5;888,6;888,3;;17,7;16,4;18,4;16,9;16,6;16,1;95;88;93;55;6,5;4,9;
2026/02/04;0300 UTC;0;888,2;888,5;887,7;;18,5;17,4;19,3;17,9;17,9;17,1;100;90;95;85;6,9;4,5;
2026/02/04;0400 UTC;0;887,4;887,9;887,3;;19,0;16,7;19,4;18,3;17,2;16,6;93;87;89;110;4,7;4,2;
2026/02/04;0500 UTC;0;886,1;886,4;885,6;;20,7;17,9;21,4;19,7;18,5;17,3;90;83;86;71;4,5;2,1;
2026/02/04;0600 UTC;0;885,6;885,9;885,4;0,0;22,3;17,6;22,6;21,7;17,7;16,9;79;74;76;191;4,8;0,5;
2026/02/04;0700 UTC;0;885,5;885,9;884,9;608,7;23,7;17,7;24,2;22,9;18,4;17,1;77;68;70;127;7,4;4,0;
2026/02/04;0800 UTC;0;885,5;886,0;885,1;1361,7;25,1;18,7;25,3;24,2;19,2;18,0;72;62;68;199;5,1;2,0;
2026/02/04;0900 UTC;0;886,6;887,0;886,2;1883,8;26,4;18,4;26,8;25,8;18,6;18,2;63;55;60;113;6,8;3,3;
2026/02/04;1000 UTC;0;887,1;887,5;886,6;2084,5;27,2;17,8;28,2;26,4;18,4;17,5;60;52;53;163;3,1;2,4;
2026/02/04;1100 UTC;0;888,2;888,5;887,9;2234,8;29,0;19,7;29,8;28,4;20,2;19,5;55;51;54;244;4,4;3,3;
2026/02/04;1200 UTC;0;888,5;888,8;888,3;1994,8;29,6;18,7;30,6;29,3;19,2;18,3;52;44;46;213;5,4;2,6;
2026/02/04;1300 UTC;0;888,9;889,4;888,3;2098,0;28,9;17,7;29,6;28,3;18,0;17,3;51;39;44;270;2,8;1,5;
2026/02/04;1400 UTC;0;888,6;889,1;888,1;2095,9;29,0;18,2;29,4;28,8;18,6;17,7;52;43;46;275;8,0;4,3;
2026/02/04;1500 UTC;0,7;887,9;888,5;887,4;387,0;23,5;16,5;23,8;23,3;16,6;16,2;71;62;65;191;9,4;5,7;
2026/02/04;1600 UTC;14,7;887,2;887,7;887,0;282,3;23,5;17,5;23,7;22,8;17,9;17,2;76;69;70;290;8,3;4,6;
2026/02/04;1700 UTC;0;886,3;886,8;886,0;603,3;27,0;18,7;28,1;26,7;19,0;18,5;64;52;58;222;6,1;4,2;
2026/02/04;1800 UTC;0;885,5;886,1;885,0;0,0;25,0;17,5;25,4;24,7;17,8;17,3;68;61;63;292;6,3;2,8;
2026/02/04;1900 UTC;0;885,6;885,9;885,4;;23,7;18,7;24,2;23,2;18,9;18,6;77;69;75;276;6,9;4,9;
2026/02/04;2000 UTC;0;885,5;885,9;885,0;;21,6;17,2;22,0;20,9;17,7;16,9;79;77;78;360;1,7;0,9;
2026/02/04;2100 UTC;0;886,4;886,6;886,0;;20,2;16,9;20,6;19,9;17,0;16,7;89;80;83;311;4,9;2,4;
2026/02/04;2200 UTC;0;887,1;887,7;886,7;;19,1;17,0;19,7;18,2;17,2;16,5;91;88;89;324;6,4;1,7;
2026/02/04;2300 UTC;0;887,8;888,2;887,4;;18,1;16,3;18,3;17,5;16,6;15,8;96;88;91;0;5,6;2,7;
2026/02/05;0000 UTC;0;889,6;890,1;889,1;;18,3;17,3;18,8;18,0;17,6;16,7;97;90;95;37;3,4;1,9;
2026/02/05;0100 UTC;0;889,6;890,1;889,4;;18,8;17,5;19,9;18,1;18,0;17,4;96;92;94;120;2,6;0,5;
2026/02/05;0200 UTC;0;889,4;889,5;889,1;;18,3;16,9;19,1;17,4;17,2;16,7;96;92;93;127;8,1;3,5;
2026/02/05;0300 UTC;0;888,7;888,9;888,3;;19,6;18,0;20,3;19,2;18,5;17,6;93;86;92;57;3,6;2,1;
2026/02/05;0400 UTC;0;887,7;888,3;887,5;;20,0;16,9;21,0;18,9;17,3;16,3;86;78;84;95;5,9;4,1;
2026/02/05;0500 UTC;0;886,9;887,5;886,6;;22,0;18,3;22,7;21,7;18,5;17,7;87;76;81;113;6,3;2,4;
2026/02/05;0600 UTC;0;886,2;886,6;886,1;0,0;22,8;17,6;23,4;22,0;18,3;17,3;77;67;74;117;2,0;1,1;
2026/02/05;0700 UTC;0;886,2;886,4;885,7;714,7;25,0;18,5;25,6;24,6;19,2;18,3;72;65;68;126;9,1;4,5;
2026/02/05;0800 UTC;0;886,2;886,4;885,9;974,1;26,5;19,8;27,5;26,1;20,3;19,5;69;64;66;203;6,9;4,0;
2026/02/05;0900 UTC;0;886,9;887,5;886,5;1378,4;27,0;17,9;27,6;26,0;18,4;17,3;60;52;55;207;3,2;2,4;
2026/02/05;1000 UTC;0;887,8;888,2;887,5;1877,7;28,7;19,3;29,7;27,8;20,0;18,7;57;51;53;203;7,2;3,0;
2026/02/05;1100 UTC;0;888,9;889,1;888,3;1828,9;29,4;18,5;29,9;28,6;19,1;17,9;52;41;46;235;3,9;0,8;
2026/02/05;1200 UTC;0;889,2;889,5;888,7;2651,6;30,6;20,3;31,2;30,3;20,5;19,7;54;43;48;214;2,3;1,1;
2026/02/05;1300 UTC;0;889,4;889,8;888,9;2351,9;30,4;20,1;31,5;29,6;20,2;19,6;54;45;48;218;5,0;4,2;
2026/02/05;1400 UTC;0;889,6;889,7;889,2;1911,9;29,7;19,6;30,3;28,7;20,1;19,3;55;47;49;183;3,3;2,0;
2026/02/05;1500 UTC;0;888,6;888,9;888,3;1568,3;29,8;19,2;30,2;29,2;19,3;18,9;53;40;47;200;4,5;3,9;
2026/02/05;1600 UTC;0;887,7;888,1;887,4;1319,2;29,2;20,1;29,7;28,2;20,2;19,8;56;48;54;322;5,8;2,0;
2026/02/05;1700 UTC;16,9;887,3;887,5;887,0;264,6;25,3;19,7;25,8;24,4;19,9;19,5;76;70;72;262;3,4;2,7;
2026/02/05;1800 UTC;0;886,7;887,1;886,6;0,0;25,4;17,8;26,3;24,7;18,3;17,4;64;55;62;301;5,8;4,8;
2026/02/05;1900 UTC;13,6;886,2;886,4;885,7;;20,6;18,0;21,1;20,3;18,2;17,6;91;81;87;338;4,6;4,0;
2026/02/05;2000 UTC;21,0;886,5;886,9;886,4;;18,2;16,9;18,5;17,3;17,4;16,7;98;89;94;287;8,1;4,7;
2026/02/05;2100 UTC;0;887,2;887,4;886,9;;21,3;18,1;21,6;21,1;18,7;17,9;88;78;84;294;1,7;1,2;
2026/02/05;2200 UTC;0;887,8;888,0;887,4;;20,8;17,8;21,2;20,3;18,1;17,4;87;78;85;342;4,9;2,3;
2026/02/05;2300 UTC;0;888,6;889,0;888,5;;19,0;17,5;19,7;18,3;17,8;17,1;94;88;92;10;5,5;3,2;
2026/02/06;0000 UTC;0;889,5;890,0;889,2;;19,5;17,5;19,9;19,0;18,0;16,8;93;86;90;32;5,8;2,3;
2026/02/06;0100 UTC;0;890,0;890,3;889,6;;19,3;17,5;19,7;18,4;18,0;17,3;98;89;91;135;5,7;1,3;
2026/02/06;0200 UTC;0;890,0;890,4;889,8;;18,7;16,5;19,0;18,0;16,7;16,0;92;83;89;56;4,8;3,7;
2026/02/06;0300 UTC;0;889,3;889,5;889,2;;19,6;16,9;20,4;18,8;17,1;16,8;90;80;87;58;6,4;3,7;
2026/02/06;0400 UTC;0;888,4;888,8;887,9;;20,9;18,4;21,9;20,5;18,8;17,9;91;81;87;153;2,0;1,3;
2026/02/06;0500 UTC;0;887,6;887,7;887,2;;22,1;18,3;23,2;21,8;18,8;18,0;83;80;81;133;8,5;5,1;
2026/02/06;0600 UTC;0;886,9;887,4;886,5;0,0;23,7;18,8;24,6;23,2;19,1;18,5;77;74;76;143;2,7;0,7;
2026/02/06;0700 UTC;0;886,5;886,9;886,0;540,0;25,4;18,4;26,2;24,7;18,7;18,0;68;59;65;186;7,3;3,6;
2026/02/06;0800 UTC;0;886,9;887,3;886,5;1302,4;26,0;18,3;26,5;25,4;18,8;18,1;63;60;61;199;3,9;2,8;
2026/02/06;0900 UTC;0;887,6;888,0;887,1;1616,0;27,2;17,8;28,0;26,8;18,3;17,4;57;48;53;128;7,2;4,3;
2026/02/06;1000 UTC;0;888,3;888,5;887,9;1812,2;29,4;18,8;30,2;29,1;19,3;18,4;48;43;47;228;6,5;4,2;
2026/02/06;1100 UTC;0;889,1;889,5;888,6;2398,6;30,3;19,2;30,8;29,7;19,4;18,8;49;38;45;252;2,8;1,2;
2026/02/06;1200 UTC;0;889,5;890,0;889,3;1972,9;31,1;19,9;32,0;30,2;20,0;19,5;51;41;44;233;7,8;3,8;
2026/02/06;1300 UTC;0;890,2;890,4;889,8;2354,2;30,5;18,8;31,2;30,0;19,1;18,3;48;39;41;206;5,4;0,8;
2026/02/06;1400 UTC;0;889,6;889,8;889,1;1690,2;30,6;20,1;31,1;30,3;20,7;19,8;54;45;48;209;3,8;0,9;
2026/02/06;1500 UTC;0;889,1;889,5;888,9;1269,7;30,5;19,9;31,3;30,1;20,5;19,5;52;43;47;296;6,9;4,4;
2026/02/06;1600 UTC;0;888,1;888,5;887,7;939,7;29,5;19,6;30,5;29,2;19,9;19,0;55;49;50;264;6,7;5,1;
2026/02/06;1700 UTC;0;887,3;887,8;887,0;517,5;27,8;19,0;28,5;27,3;19,7;18,9;60;54;56;323;7,0;4,6;
2026/02/06;1800 UTC;0;886,9;887,1;886,4;0,0;26,5;19,0;27,2;26,0;19,2;18,4;69;60;63;349;5,3;1,6;
2026/02/06;1900 UTC;0;886,6;886,7;886,4;;25,5;19,6;26,5;25,0;20,0;19,4;77;67;70;14;6,9;4,2;
2026/02/06;2000 UTC;5,5;886,9;887,3;886,7;;18,5;17,2;18,9;17,7;17,5;16,7;100;88;93;337;7,6;6,3;
2026/02/06;2100 UTC;17,4;887,7;888,1;887,3;;19,6;18,9;20,3;18,6;19,4;18,3;100;92;96;286;5,4;2,7;
2026/02/06;2200 UTC;0;888,1;888,3;887,9;;21,5;18,7;22,2;20,7;19,0;18,4;89;83;86;52;5,8;3,7;
2026/02/06;2300 UTC;0;889,3;889,5;889,0;;19,5;16,7;20,3;18,5;17,1;16,5;91;80;86;321;6,9;2,3;
2026/02/07;0000 UTC;0;889,5;889,6;889,3;;19,7;18,7;20,6;18,7;18,9;18,2;96;90;95;27;7,1;5,1;
2026/02/07;0100 UTC;0;889,7;890,2;889,6;;18,9;17,9;19,1;17,8;18,3;17,3;100;91;95;118;3,5;3,0;
2026/02/07;0200 UTC;0;889,6;890,2;889,0;;19,1;17,4;19,6;18,0;17,8;17,0;96;85;92;98;5,8;3,7;
2026/02/07;0300 UTC;0;888,8;889,3;888,6;;19,9;17,7;20,4;19,5;18,3;17,6;90;86;89;156;3,6;2,6;
2026/02/07;0400 UTC;0;888,0;888,3;887,5;;20,6;18,0;21,5;19,6;18,5;17,7;92;85;87;130;7,4;3,8;
2026/02/07;0500 UTC;0;887,4;887,7;886,9;;21,8;18,4;22,3;20,8;18,5;18,2;87;77;83;156;7,0;3,2;
2026/02/07;0600 UTC;0;886,5;886,9;886,2;0,0;23,0;17,2;23,4;22,8;17,4;16,8;77;66;71;190;2,9;2,3;
2026/02/07;0700 UTC;0;886,5;887,1;886,2;507,9;24,2;17,6;25,1;23,7;18,0;17,3;70;64;67;217;4,6;2,9;
2026/02/07;0800 UTC;0;886,5;886,8;886,1;1339,5;25,6;17,3;26,5;25,3;17,9;16,9;61;55;58;237;3,3;0,9;
2026/02/07;0900 UTC;0;887,1;887,5;886,9;1250,3;27,9;18,5;28,9;26,8;19,0;18,1;60;51;53;137;4,3;3,3;
2026/02/07;1000 UTC;0;888,2;888,5;888,1;1730,1;28,6;19,5;29,2;27,5;19,8;18,9;59;49;55;215;5,5;3,5;
2026/02/07;1100 UTC;0;888,7;889,1;888,3;2020,6;30,1;18,8;30,6;29,5;19,1;18,2;50;41;43;171;6,0;3,0;
2026/02/07;1200 UTC;0;889,4;889,9;889,1;1943,7;30,1;19,5;31,1;29,2;20,0;19,0;51;42;47;261;7,6;4,0;
2026/02/07;1300 UTC;0;889,8;890,1;889,6;1893,0;30,6;19,0;31,2;29,6;19,3;18,8;48;38;42;201;6,9;3,0;
2026/02/07;1400 UTC;0;889,7;890,3;889,2;1702,3;30,7;19,2;31,0;29,7;19,4;18,6;49;38;42;231;6,1;1,8;
2026/02/07;1500 UTC;0;888,8;889,0;888,5;1508,0;29,1;18,3;30,0;28,0;18,7;17,6;50;42;46;282;7,8;3,4;
2026/02/07;1600 UTC;0;888,1;888,6;888,0;1178,8;28,4;18,2;29,3;27,5;18,4;17,8;51;47;49;310;7,0;3,5;
2026/02/07;1700 UTC;0;887,0;887,4;886,6;507,2;27,3;18,4;28,1;26,3;18,5;18,3;57;52;56;349;6,1;4,2;
2026/02/07;1800 UTC;0;886,8;887,2;886,6;0,0;25,9;18,2;26,5;25,4;18,7;18,0;66;55;61;326;8,7;4,3;
2026/02/07;1900 UTC;0;886,3;886,8;885,7;;24,1;17,2;24,6;23,3;17,6;16,7;71;63;65;280;5,3;1,6;
2026/02/07;2000 UTC;0;886,6;887,1;886,5;;23,1;17,7;24,0;22,4;17,8;17,3;77;69;73;340;5,4;3,9;
2026/02/07;2100 UTC;0;887,4;887,9;886,9;;21,5;17,6;22,3;20,7;18,3;17,0;82;77;80;343;5,9;1,2;
2026/02/07;2200 UTC;17,4;888,1;888,5;887,6;;16,5;16,3;16,8;15,7;16,7;16,1;100;92;99;31;7,0;6,2;
2026/02/07;2300 UTC;0;889,1;889,4;888,5;;20,0;18,0;21,0;19,0;18,3;17,5;96;86;90;65;3,8;3,0;
2026/02/08;0000 UTC;0;888,9;889,1;888,4;;17,9;16,9;19,0;17,2;17,1;16,6;97;91;95;39;7,2;5,1;
2026/02/08;0100 UTC;0;888,9;889,0;888,6;;17,4;16,2;18,4;16,7;16,7;16,0;96;89;94;125;6,1;5,2;
2026/02/08;0200 UTC;0;888,9;889,4;888,7;;17,6;16,7;18,5;17,3;17,0;16,4;100;90;96;91;4,6;3,3;
2026/02/08;0300 UTC;0;888,5;888,7;888,2;;18,5;17,1;19,4;17,7;17,6;16,7;100;90;93;90;5,4;1,8;
2026/02/08;0400 UTC;0;887,5;888,0;887,1;;19,6;17,5;19,8;18,7;17,9;17,3;91;88;89;79;4,8;1,0;
2026/02/08;0500 UTC;0;886,6;887,1;886,4;;20,1;17,1;20,4;19,2;17,7;16,4;88;84;85;197;6,2;2,8;
2026/02/08;0600 UTC;0;885,8;885,9;885,2;0,0;22,1;17,7;22,5;21,7;18,0;17,0;84;71;78;174;3,8;1,8;
2026/02/08;0700 UTC;0;885,9;886,1;885,5;634,1;24,1;18,5;24,4;23,3;18,9;18,1;76;66;72;136;5,0;2,1;
2026/02/08;0800 UTC;0;886,2;886,4;885,8;1266,9;24,6;18,0;25,5;23,6;18,6;17,6;69;62;67;148;6,1;4,6;
2026/02/08;0900 UTC;0;886,4;886,6;886,2;1718,6;27,0;18,0;27,8;26,2;18,2;17,4;60;50;55;210;4,4;2,2;
2026/02/08;1000 UTC;0;887,5;887,7;887,2;2285,3;28,3;19,4;28,9;27,3;19,6;19,1;62;52;56;207;7,7;3,8;
2026/02/08;1100 UTC;0;888,4;888,8;888,0;1994,5;28,2;18,3;28,9;27,1;18,8;18,1;52;49;51;248;7,9;4,0;
2026/02/08;1200 UTC;0;888,7;889,1;888,4;1815,6;29,0;19,3;29,2;28,1;19,5;18,9;53;50;52;294;8,1;5,0;
2026/02/08;1300 UTC;0;888,9;889,2;888,6;2285,4;29,7;19,1;30,4;29,4;19,8;18,7;51;41;47;211;5,5;1,3;
2026/02/08;1400 UTC;0;888,8;889,3;888,6;1650,3;28,9;19,1;30,0;28,3;19,4;18,6;58;44;51;209;3,1;2,1;
2026/02/08;1500 UTC;0;888,1;888,5;887,6;1779,7;28,8;18,6;29,3;28,0;19,1;18,2;51;45;49;279;3,0;1,1;
2026/02/08;1600 UTC;0;887,5;887,9;887,0;1332,7;28,0;19,5;28,4;27,4;20,0;19,1;64;53;57;288;5,7;4,4;
2026/02/08;1700 UTC;0;886,5;886,9;886,0;470,0;26,7;18,5;27,7;26,1;18,8;18,2;64;57;59;323;3,1;0,5;
2026/02/08;1800 UTC;22,5;885,8;886,4;885,3;0,0;22,9;18,6;23,5;22,5;18,9;18,1;81;72;79;286;9,4;4,7;
2026/02/08;1900 UTC;0;885,7;885,9;885,2;;24,0;18,4;24,8;23,1;18,8;18,1;76;71;72;286;9,1;5,1;
2026/02/08;2000 UTC;0;885,7;886,1;885,6;;21,8;17,1;22,0;20,8;17,4;16,6;80;74;77;34;9,0;4,5;
2026/02/08;2100 UTC;0;886,5;887,1;886,1;;21,0;18,0;21,8;19,9;18,3;17,8;89;84;85;0;2,3;1,0;
2026/02/08;2200 UTC;0;887,6;888,0;887,1;;19,2;17,5;20,1;18,3;17,7;17,1;98;87;92;342;7,6;3,9;
2026/02/08;2300 UTC;0;888,4;889,0;887,8;;18,3;17,1;19,2;18,0;17,7;16,9;100;87;94;357;7,3;2,7;
2026/02/09;0000 UTC;0;888,2;888,4;887,8;;17,2;16,4;17,5;16,9;16,8;16,1;100;90;96;129;4,2;1,9;
2026/02/09;0100 UTC;0;888,1;888,6;887,6;;16,1;15,3;17,1;15,0;15,8;14,9;100;93;96;60;4,6;1,0;
2026/02/09;0200 UTC;0;887,9;888,1;887,6;;16,8;16,4;17,6;16,1;16,7;16,2;100;96;98;103;3,4;1,8;
2026/02/09;0300 UTC;0;887,4;887,7;887,1;;18,2;17,8;19,1;17,3;18,0;17,2;100;93;98;177;3,7;2,4;
2026/02/09;0400 UTC;0;886,5;886,7;886,0;;18,7;16,2;19,5;17,8;16,4;16,1;94;84;88;86;5,7;1,7;
2026/02/09;0500 UTC;0;885,8;886,1;885,5;;20,3;17,8;21,0;19,4;18,2;17,5;91;86;88;184;5,7;1,6;
2026/02/09;0600 UTC;0;885,1;885,4;884,7;0,0;20,6;16,2;21,6;19,6;16,8;15,8;85;72;78;195;7,1;3,8;
2026/02/09;0700 UTC;0;885,1;885,4;885,0;593,9;22,2;16,5;22,9;22,0;16,7;16,4;77;66;72;149;5,0;3,1;
2026/02/09;0800 UTC;0;885,0;885,3;884,5;1096,2;24,0;17,9;24,8;23,2;18,3;17,5;75;68;69;221;4,3;1,1;
2026/02/09;0900 UTC;0;885,6;886,1;885,1;1522,2;25,6;18,1;26,5;24,5;18,7;17,9;69;60;63;259;3,6;2,5;
2026/02/09;1000 UTC;0;886,7;887,2;886,5;1797,4;26,1;17,1;26,7;25,1;17,5;16,9;58;48;55;271;6,1;3,7;
2026/02/09;1100 UTC;0;887,6;888,1;887,4;2651,2;27,8;18,0;28,5;26,9;18,4;17,5;55;49;51;281;6,2;4,6;
2026/02/09;1200 UTC;0;888,2;888,8;887,9;2037,8;28,1;18,5;29,2;27,1;19,2;18,0;56;47;52;303;3,8;0,6;
2026/02/09;1300 UTC;0;888,1;888,6;887,5;1885,8;28,7;19,5;29,7;27,9;19,7;18,8;61;48;54;263;7,9;3,6;
2026/02/09;1400 UTC;0;888,0;888,3;887,9;1630,5;28,5;19,2;29,2;28,3;19,9;19,1;55;49;53;264;4,1;0,4;
2026/02/09;1500 UTC;0;887,4;887,6;887,2;1974,4;27,7;18,1;28,7;27,4;18,5;17,5;55;47;52;299;6,7;2,9;
2026/02/09;1600 UTC;0;886,8;887,0;886,4;1243,2;27,3;19,3;27,8;26,8;19,7;18,8;61;53;60;317;5,9;1,9;
2026/02/09;1700 UTC;0;885,8;886,4;885,7;657,5;25,4;17,1;26,1;24,9;17,3;16,8;60;54;59;345;8,1;5,0;
2026/02/09;1800 UTC;0;885,3;885,7;885,0;0,0;24,0;17,2;25,0;23,4;17,7;17,0;70;61;66;268;2,3;0,4;
2026/02/09;1900 UTC;17,9;884,8;885,3;884,5;;18,6;16,3;19,5;17,9;16,7;15,7;92;83;89;293;5,2;2,2;
2026/02/09;2000 UTC;0;885,0;885,4;884,5;;21,7;18,1;22,7;20,9;18,3;17,5;87;76;82;341;4,8;0,7;
2026/02/09;2100 UTC;0;885,9;886,1;885,7;;19,9;17,7;20,8;19,2;18,1;17,5;91;86;89;330;4,2;2,2;
2026/02/09;2200 UTC;0;886,8;887,3;886,4;;19,0;17,1;19,8;18,5;17,8;16,5;97;86;91;16;5,4;2,7;
2026/02/09;2300 UTC;0;887,4;887,8;887,2;;18,3;17,9;19,1;17,3;18,3;17,5;99;91;98;58;7,3;3,7;
2026/02/10;0000 UTC;0;887,6;887,9;887,2;;16,0;15,4;17,0;15,2;16,0;14,7;100;91;97;58;5,4;3,1;
2026/02/10;0100 UTC;0;887,9;888,4;887,4;;15,6;15,2;16,3;15,4;15,7;15,0;100;94;98;143;2,8;2,0;
2026/02/10;0200 UTC;0;887,4;887,5;887,2;;16,2;15,8;16,9;15,7;16,5;15,4;100;97;98;104;1,3;0,5;
2026/02/10;0300 UTC;0;887,1;887,2;886,9;;17,3;16,5;17,7;16,7;16,8;16,2;98;93;96;151;4,1;1,7;
2026/02/10;0400 UTC;0;886,3;886,9;885,8;;17,3;15,9;18,1;17,1;16,4;15,5;98;91;93;180;4,7;0,5;
2026/02/10;0500 UTC;0;885,1;885,2;884,6;;18,7;15,9;19,2;18,4;16,1;15,3;92;80;86;104;8,0;4,4;
2026/02/10;0600 UTC;0;884,8;885,1;884,3;0,0;20,3;16,3;20,6;19,9;16,6;16,2;82;75;80;183;6,0;2,2;
2026/02/10;0700 UTC;0;884,4;884,5;884,3;520,5;22,1;18,2;22,9;21,7;18,5;17,9;86;78;80;131;6,4;3,3;
2026/02/10;0800 UTC;0;884,5;884,8;884,4;1081,0;23,8;17,3;24,1;23,3;17,8;17,1;74;62;67;254;8,0;3,9;
2026/02/10;0900 UTC;0;885,5;886,0;885,4;1291,0;24,9;17,8;25,2;24,4;18,2;17,6;70;60;65;258;3,2;2,2;
2026/02/10;1000 UTC;0;886,2;886,5;885,7;1641,3;25,8;17,7;26,4;25,2;18,3;17,1;66;55;59;244;7,1;2,9;
2026/02/10;1100 UTC;0;887,2;887,6;886,8;1907,4;27,4;18,0;27,7;27,0;18,1;17,7;57;48;53;286;6,1;4,1;
2026/02/10;1200 UTC;0;887,8;888,3;887,6;2565,1;27,9;18,3;28,1;26,9;18,4;18,0;54;49;52;296;2,6;0,8;
2026/02/10;1300 UTC;0;887,9;888,1;887,4;2115,9;27,6;17,8;27,8;27,0;18,4;17,2;54;47;51;287;5,6;1,3;
2026/02/10;1400 UTC;0;887,8;888,4;887,3;1685,2;28,1;18,5;28,5;27,3;18,9;18,1;57;46;52;236;6,9;4,8;
2026/02/10;1500 UTC;1,2;887,1;887,4;886,9;537,4;24,4;19,0;25,4;24,1;19,5;18,4;76;68;73;271;5,9;2,7;
2026/02/10;1600 UTC;0;886,1;886,6;885,9;1098,0;26,3;17,7;27,2;25,4;18,4;17,3;62;55;57;325;6,8;4,1;
2026/02/10;1700 UTC;0;885,3;885,5;885,1;529,3;24,6;17,8;25,0;24,0;18,2;17,5;69;65;66;353;4,8;1,2;
2026/02/10;1800 UTC;0;884,4;884,9;883,9;0,0;23,6;16,9;24,1;23,2;17,4;16,3;73;61;67;314;6,3;4,2;
2026/02/10;1900 UTC;0;884,3;884,9;884,0;;21,3;16,2;22,0;20,8;16,8;15,8;78;71;74;316;7,3;4,5;
2026/02/10;2000 UTC;0,9;884,4;884,6;884,3;;18,4;18,2;19,2;18,2;18,4;17,7;100;98;99;358;6,4;2,8;
2026/02/10;2100 UTC;0;885,3;885,8;885,0;;18,7;15,8;19,0;18,4;16,0;15,4;90;84;85;0;5,0;1,5;
2026/02/10;2200 UTC;0;886,1;886,4;885,8;;17,6;17,0;18,7;17,0;17,4;16,8;99;94;97;20;5,7;2,2;
2026/02/10;2300 UTC;0;887,1;887,6;886,9;;16,3;15,9;17,1;15,2;16,4;15,6;100;96;98;38;4,5;3,6;
2026/02/11;0000 UTC;0;887,5;887,7;887,3;;16,3;15,9;17,2;15,7;16,4;15,5;99;94;98;156;6,8;3,1;
2026/02/11;0100 UTC;0;888,1;888,3;887,7;;15,6;15,2;16,5;15,1;15,6;15,0;100;92;98;76;;;
2026/02/11;0200 UTC;0;887,7;888,1;887,3;;15,9;15,5;16,9;15,4;15,8;15,1;100;97;98;72;5,4;2,5;
2026/02/11;0300 UTC;0;887,3;887,6;887,1;;16,4;16,0;17,3;15,4;16,2;15,8;100;93;98;135;5,5;4,3;
2026/02/11;0400 UTC;0;886,2;886,4;885,7;;17,3;16,6;17,8;16,5;16,7;16,4;100;90;96;200;7,3;3,3;
2026/02/11;0500 UTC;0;885,3;885,5;885,0;;19,2;16,5;20,3;18,6;16,6;16,4;89;81;86;187;9,5;5,1;
2026/02/11;0600 UTC;0;885,0;885,3;884,8;0,0;21,1;17,4;21,4;20,3;17,8;17,2;84;76;82;230;2,8;1,4;
2026/02/11;0700 UTC;0;884,7;884,8;884,3;526,7;21,5;16,4;22,3;21,0;17,1;15,8;76;70;75;189;8,2;3,5;
2026/02/11;0800 UTC;0;884,9;885,3;884,7;1004,4;23,9;18,7;24,3;22,8;19,2;18,0;77;69;74;222;5,2;0,9;
2026/02/11;0900 UTC;0;885,1;885,3;884,9;1772,9;24,5;17,3;25,5;24,3;17,5;16,7;69;61;64;256;4,7;0,4;
2026/02/11;1000 UTC;0;886,4;887,0;886,0;2285,5;25,6;17,9;26,6;24,8;18,2;17,2;66;58;61;250;3,7;1,2;
2026/02/11;1100 UTC;0;887,1;887,3;886,9;2556,6;27,5;18,4;28,5;26,8;19,0;18,3;61;51;55;253;2,6;0,7;
2026/02/11;1200 UTC;0;887,8;888,3;887,5;2454,1;27,6;18,0;28,5;27,3;18,1;17,8;55;50;52;258;9,0;4,8;
2026/02/11;1300 UTC;0;888,0;888,3;887,8;2018,8;27,8;18,9;28,5;27,6;19,1;18,6;59;51;55;225;3,9;3,2;
2026/02/11;1400 UTC;0;887,9;888,4;887,5;2289,2;28,2;18,6;29,0;28,0;19,2;18,0;56;45;52;328;7,8;5,2;
2026/02/11;1500 UTC;0;887,0;887,5;886,7;1314,9;27,6;18,6;28,5;26,9;18,8;18,5;61;52;55;324;4,2;0,5;
